id,geom,NAME,category,lat,lng,geohash
1,0101000020E6100000B1B138B1EE8352C0DD1BA7BE15911240,Insurgentes Taco Bar,Taco Place,4.641684512,-74.06144362,d2g66s
2,0101000020E6100000033A6C648A8352C0C5CC9677B76A1240,Casa San Isidro,French Restaurant,4.604215497,-74.05532179,d2g64y
3,0101000020E61000008F079E38668252C0F5F96E9EE8E01240,Wok,Asian Restaurant,4.719637371,-74.03748908,d2g6g5
4,0101000020E6100000357783557D8352C0EEF4EB58D6A21240,Harry Sasson,Restaurant,4.659020795,-74.05452478,d2g6db
5,0101000020E6100000DF6FB4E3868452C0855D143DF0611240,Prudencia,Comfort Food Restaurant,4.595643,-74.070733,d2g64k
6,0101000020E610000032072CC33E8452C0E772481BE0831240,Varietale Cafes y Tes,Café,4.628784586,-74.06633071,d2g66d
7,0101000020E610000087CA8C8B9B8852C05277FC5184A51240,Da Quei Matti,Pizza Place,4.661637574,-74.13449372,d2g690
8,0101000020E6100000D54D47F4F18652C0EA7FCD51EEB11240,Gurús,Bakery,4.673760679,-74.10851771,d2g69d
9,0101000020E6100000640A487B5D8452C06446F765EB761240,WOK Museo Nacional,Asian Restaurant,4.616132348,-74.06820566,d2g668
10,0101000020E610000094826342948352C0565B27737A9B1240,Criterión,French Restaurant,4.651834296,-74.05592403,d2g66y
11,0101000020E610000026734084208352C0D62063980FB31240,Chef Burger,Burger Joint,4.674864179,-74.04885966,d2g6dg
12,0101000020E6100000D504AE116D8352C0929FB2D364AD1240,Central Cevichería,Seafood Restaurant,4.669329937,-74.05353205,d2g6df
13,0101000020E6100000D121441B6E8352C0B9571C2E88AD1240,Osaka - Cocina Nikkei,Asian Restaurant,4.669464798,-74.05359537,d2g6df
14,0101000020E6100000FA2AC375328352C0B83A210FC5CC1240,Home Burgers,Burger Joint,4.699970471,-74.04995483,d2g6dz
15,0101000020E6100000ADC27C856D8352C01BDD7787A6AD1240,La Brasserie,French Restaurant,4.669580571,-74.05355966,d2g6df
16,0101000020E6100000DFDF047E768352C070D708DFFCAE1240,Les amis Bizcochería,Bakery,4.670886502,-74.05410719,d2g6df
17,0101000020E6100000B3B26220098352C02397934C7EC61240,La Bifería,Argentinian Restaurant,4.693841168,-74.04743204,d2g6en
18,0101000020E610000087A8C29FE18352C000F8F1E1A38F1240,El Verdugo,Vegetarian / Vegan Restaurant,4.6402736,-74.060646,d2g66s
19,0101000020E61000000C7F0EA1678352C0E6CB4E5B54AE1240,Primi,Italian Restaurant,4.67024367,-74.05320002,d2g6df
20,0101000020E61000002771B1156E8452C0475D4A9EC1BE1240,Vasconia,Bakery,4.68628547,-74.06921904,d2g6dt
21,0101000020E6100000DC059175EB8152C077A81D7810C71240,La Puerta De Alcalá,Spanish Restaurant,4.694398763,-74.02999629,d2g6eq
22,0101000020E6100000682CAB3A388352C0044EB30664A51240,Bandido Bistro,French Restaurant,4.661514382,-74.05030696,d2g6db
23,0101000020E61000004C51B268148252C0E5F4C130E2E51240,Chopinar,Buffet,4.724495661,-74.03249566,d2g6gk
24,0101000020E6100000FC1D8A027D8352C0E694809884AB1240,WOK,Asian Restaurant,4.667498,-74.054505,d2g6dc
25,0101000020E610000086E595DDDD8252C0CA0B2690CAC41240,Burger Music,Burger Joint,4.692178967,-74.0447916,d2g6en
26,0101000020E610000049473342188352C0CD29622AFFB21240,Al Agua Patos - Tostadas & Café,Diner,4.674801504,-74.04835563,d2g6dg
27,0101000020E6100000F69C2F850C8352C00AF4FADDFDB81240,Gaira,Restaurant,4.680655926,-74.04763918,d2g6eh
28,0101000020E6100000D0A5C527278352C04F85A3FF0AB01240,Cacio & Pepe,Italian Restaurant,4.671916956,-74.04926485,d2g6df
29,0101000020E6100000790BCDFE9D8352C05594DD7F95CC1240,Burger Music,Burger Joint,4.699789045,-74.05651827,d2g6dz
30,0101000020E610000054D09209808352C04CC566A2089B1240,El Cielo,Latin American Restaurant,4.651400125,-74.05468978,d2g66y
31,0101000020E61000000AEF6D534D8652C09B4DD5582C8F1240,Crepes & Waffles,French Restaurant,4.639817608,-74.0984696,d2g63u
32,0101000020E61000003E6393F2488352C026343074A3A71240,La Cesta,Breakfast Spot,4.663709464,-74.05132737,d2g6dc
33,0101000020E610000009AF87C37B8352C046F8E57A5EAA1240,Andrés D.C.,Steakhouse,4.666376038,-74.05442894,d2g6dc
34,0101000020E61000007F92CB8CD88352C0460F73AD079E1240,Stromboli Deep Dish Pizza,Pizza Place,4.654326162,-74.06009216,d2g66x
35,0101000020E61000007465C2F5FD8352C02E1F84DBECC01240,Sr Grill,Restaurant,4.68840354,-74.06237549,d2g6dt
36,0101000020E6100000AC1507735E8752C0B7124BD61F871240,La Biferia,Steakhouse,4.631957386,-74.11513973,d2g637
37,0101000020E61000000390A332A58352C0E691D86F77981240,Cantina Y Punto,Mexican Restaurant,4.648893116,-74.05695787,d2g66y
38,0101000020E6100000C947FBAB818652C0C93CC2705E971240,WOK,Asian Restaurant,4.647821199,-74.10166454,d2g63y
39,0101000020E6100000CCEA7950BB8052C08D397B1691A61240,Restaurante Regis,Italian Restaurant,4.662662841,-74.01143276,d2g6eb
40,0101000020E6100000FA2C78913C8352C055805222EBC21240,Al Agua Patos,Café,4.69035009,-74.05057179,d2g6dv
41,0101000020E61000007AD2D574668452C0DB84B1923B751240,Home Burgers,Burger Joint,4.614485066,-74.06875344,d2g668
42,0101000020E6100000D7FA22A12D8252C071CF4E6100E41240,El Kiosco golosinas,Snack Place,4.7226577,-74.034035,d2g6g7
43,0101000020E61000001AE0826C598252C033535A7F4BE01240,Crepes & Waffles (Torre HHC Piso 10),Creperie,4.719038,-74.036708,d2g6g7
44,0101000020E6100000420EA923B58352C090A8B7F0A89A1240,Bistecca e Vino,Italian Restaurant,4.651035081,-74.05793087,d2g66y
45,0101000020E61000002D0CA2739B8352C01E1CE798C1A41240,Café Quindío,Café,4.660894765,-74.05636302,d2g6db
46,0101000020E6100000B2DA4FAC3C8352C08197DFDF2CA71240,Brot Bakery & Cafe,Bakery,4.66325712,-74.05057819,d2g6db
47,0101000020E61000002E25327E158452C08A9BBBFFAC901240,Bogotá Burger,Fast Food Restaurant,4.641284939,-74.06381183,d2g66s
48,0101000020E610000010860FE66B8452C099C27CBA5B751240,Leo Cocina y Cava,Restaurant,4.614607729,-74.06908561,d2g668
49,0101000020E6100000D99F48AC678352C0403FAA41DE9F1240,El Caracol Azul,Peruvian Restaurant,4.656121279,-74.0532027,d2g66z
50,0101000020E610000059C64689748352C010FB4A697DAA1240,La Plaza de Andrés,BBQ Joint,4.666494031,-74.05398781,d2g6dc
51,0101000020E61000004649B8B7228352C057B705D44BB31240,One Pizzeria,Pizza Place,4.675093949,-74.048994,d2g6dg
52,0101000020E61000003C90790CB08352C0EDDD2ACFA2971240,Emilia Grace,Italian Restaurant,4.648082005,-74.05762016,d2g66y
53,0101000020E6100000CE39D25A798352C0845E19E8C29C1240,Home Burgers,Burger Joint,4.65308726,-74.05428191,d2g66z
54,0101000020E6100000BEDA66ECD38252C0145CA5461AB71240,Pajares Salinas,Spanish Restaurant,4.678811172,-74.04418478,d2g6e5
55,0101000020E61000009F1A1D37D18352C05C4B565FED911240,El Cebollero,Hot Dog Joint,4.642507066,-74.05964449,d2g66t
56,0101000020E6100000F6BBAE5CF28152C0A1D17FF5C9C81240,Julia,Pizza Place,4.696082912,-74.03041761,d2g6eq
57,0101000020E61000001CD85A7EE68152C0E151B5D9A3C81240,Cafe El Altillo,Café,4.69593754,-74.02969321,d2g6eq
58,0101000020E610000063D814E4B88352C0BEC2EC5AD1AF1240,Euro Snack,German Restaurant,4.671697064,-74.05815985,d2g6df
59,0101000020E61000009BD93EA7898352C056E7449376AA1240,Food Truck Park,Food Truck,4.666467954,-74.05527669,d2g6dc
60,0101000020E6100000C13DEF3CA08352C09FD1610EC5A81240,Callao Sanguchería,Latin American Restaurant,4.66481421,-74.05665515,d2g6dc
61,0101000020E6100000FA234E6EA18352C022CD95E8B0971240,La Fama Barbecue,BBQ Joint,4.64813579,-74.05672796,d2g66y
62,0101000020E61000005BC3F452EC8352C0B2AEFAF1C1911240,La Castaña Empanadas al Horno,Breakfast Spot,4.642341405,-74.06129908,d2g66t
63,0101000020E6100000D68D7747C68352C0C18C2958E39C1240,Abasto,Restaurant,4.653211,-74.058977,d2g66x
64,0101000020E610000018C5E983E18352C096821880A28F1240,La Poularde,French Restaurant,4.640268327,-74.06063936,d2g66s
65,0101000020E61000002A55A2EC2D8452C0E7374C3448A11240,Coctel del Mar,Seafood Restaurant,4.657502,-74.065303,d2g66x
66,0101000020E610000074C8F429748352C08D8F8328F79D1240,Al Agua Patos,Breakfast Spot,4.654263146,-74.05396508,d2g66z
67,0101000020E61000002BD3D37E518352C0D114B6BF08AB1240,Alitas Colombianas Calle 82,Wings Joint,4.667025562,-74.05184909,d2g6dc
68,0101000020E6100000F8875DEDF08152C023B0059588C81240,La Mar Cebichería,Peruvian Restaurant,4.695833519,-74.03033003,d2g6eq
69,0101000020E6100000E39609C3278352C06D41777769BA1240,Piccolo Caffe,Italian Restaurant,4.682042948,-74.04930187,d2g6du
70,0101000020E6100000D8B628B3418452C018EDF1423A741240,Anna y Otto,Pizza Place,4.6135035,-74.06651,d2g64x
71,0101000020E61000005BDD4318028352C02D6C973DB6CA1240,Carbon de Palo,Steakhouse,4.697960818,-74.04700286,d2g6ep
72,0101000020E61000000F7EA4FB578252C07CA03E2B96C31240,Crepes & Waffles,French Restaurant,4.691002536,-74.03662005,d2g6em
73,0101000020E61000007E6248EA798352C00CE868EB129D1240,Sipote Burrito,Burrito Place,4.653392485,-74.05431611,d2g66z
74,0101000020E6100000AC8A7089618652C07C74A45B77561240,Sandwich Qbano Restrepo,Sandwich Place,4.58443969,-74.09970318,d2g61f
75,0101000020E6100000A647D237F98752C09D5B55C0CE9B1240,Wok,Asian Restaurant,4.652155881,-74.12458606,d2g63q
76,0101000020E610000096DF7ABD2E8852C0A1C6A6BB9B891240,Donde Charles,South American Restaurant,4.634383137,-74.12785279,d2g635
77,0101000020E610000079DC5BDBDF8352C081054505069E1240,La Esquina Vegetariana,Vegetarian / Vegan Restaurant,4.654319842,-74.06053814,d2g66x
78,0101000020E6100000CC78C7B6338452C0B9668D53BFC21240,Herbívoro,Vegetarian / Vegan Restaurant,4.690182977,-74.06565637,d2g6dt
79,0101000020E61000004977D587A38652C0D30E94FB41751240,Restaurante León,South American Restaurant,4.614509517,-74.10373112,d2g638
80,0101000020E6100000570451CA768352C0971EFC82BEB51240,Tremenda Sal & Dulce,Restaurant,4.677484557,-74.05412538,d2g6dg
81,0101000020E6100000D0EE4F8A6A8352C0E643456995B01240,Canasto Picnic Bistro,Comfort Food Restaurant,4.672444959,-74.0533777,d2g6df
82,0101000020E61000003849387EF68352C0119C66330BC11240,Empanadas Vallunas La Caleñita,Latin American Restaurant,4.68851929,-74.06191974,d2g6dt
83,0101000020E610000069AD25D5D58352C07A7E417B8C951240,Krost Bakery,Bakery,4.646043707,-74.05992631,d2g66t
84,0101000020E61000000200001EF28252C01FED820AE3B81240,Café 18,Breakfast Spot,4.680553593,-74.04602766,d2g6eh
85,0101000020E6100000399883FB548452C0253A3E277C741240,EL BOLICHE la MACARENA,Restaurant,4.613754857,-74.06768692,d2g64x
86,0101000020E6100000E66EB03D9D8552C00687976E12841240,La Toscana - Panadería y Pastelería,Bakery,4.628976562,-74.08772223,d2g664
87,0101000020E61000002A05D859F88552C0DCAB1D6A68711240,El Viejo Rancho Tolimense,Latin American Restaurant,4.610749872,-74.09328314,d2g61z
88,0101000020E61000003BBAD0E36F8952C097B40BD9D1801240,Fantasías Del Mar,Caribbean Restaurant,4.625800506,-74.14745422,d2g62d
89,0101000020E6100000580628F32A8352C0786A61122CB51240,La Fabbrica,Italian Restaurant,4.676925933,-74.04949645,d2g6dg
90,0101000020E61000004A69C5F1218352C0AE1B7645D0D11240,P.F. Chang's,Chinese Restaurant,4.704896055,-74.0489468,d2g6fb
91,0101000020E610000095B554F6F38352C0B2F9E4BB41961240,La Cocinita Verde,Vegetarian / Vegan Restaurant,4.64673513,-74.06176527,d2g66t
92,0101000020E6100000B8093D1E2A8752C0FE80BE76BF9E1240,Hanashi Sushi Bar,Sushi Restaurant,4.655027252,-74.11194569,d2g63x
93,0101000020E6100000C0D9B5D3ED8752C0D29D478037AC1240,Rapizz Burguer,Pizza Place,4.66818047,-74.12389081,d2g693
94,0101000020E6100000D9B19A61518452C05F57A26DBD761240,Tábula,Restaurant,4.615956986,-74.06746712,d2g668
95,0101000020E6100000D870B524FF8352C03BEF069D6BE41240,Buffalo Wings,Wings Joint,4.723066762,-74.06244772,d2g6fe
96,0101000020E6100000BD66773EF78252C064B074121DCE1240,Yanuba,Restaurant,4.701282776,-74.04634058,d2g6ep
97,0101000020E61000004860801B608352C0B83C86D810AF1240,Rigoletto,Italian Restaurant,4.670962699,-74.05274093,d2g6df
98,0101000020E6100000861D5D48F08352C0EF2B1F07FFE71240,Sagal La Colina,Steakhouse,4.726558791,-74.06154069,d2g6fs
99,0101000020E61000000354FDEF418352C047F64A0E77B41240,La Diva Pizzeria,Pizza Place,4.676235412,-74.0508995,d2g6dg
100,0101000020E6100000D432B2D94C8452C0D802AB08E6821240,San Marcos,Italian Restaurant,4.627830635,-74.06719057,d2g66d
101,0101000020E610000028118E82048252C003F368D666C71240,La Biferia,Steakhouse,4.694728232,-74.03152527,d2g6eq
102,0101000020E61000001492463C138652C0D1507EE119661240,Panadería Kuty,Bakery,4.599708103,-74.09492404,d2g61v
103,0101000020E6100000010040294C8352C0CA7D65294AA81240,Home Burgers,Burger Joint,4.664345404,-74.05152351,d2g6dc
104,0101000020E6100000964094C71D8852C01569427BDF511240,Salsamentaria San Juan,Burger Joint,4.579954077,-74.1268176,d2g611
105,0101000020E6100000F1B84E256E8752C0426DA0A3FC6C1240,El Chingon Comida Mexicana,Mexican Restaurant,4.606432492,-74.11609776,d2g61q
106,0101000020E61000005A9F724C168352C010751F80D4C61240,Il Forno,Italian Restaurant,4.69417,-74.048236,d2g6dy
107,0101000020E6100000DD91615A018252C0D1E662E0F9C61240,Beirut,Restaurant,4.694312578,-74.03133258,d2g6eq
108,0101000020E6100000FDFFFF095F8452C05291B56151761240,Museo Nacional de Colombia,History Museum,4.615544821,-74.06830072,d2g668
109,0101000020E6100000A74C71BBAE8452C0A660679806631240,Museo Botero,Art Museum,4.596704847,-74.07316481,d2g64k
110,0101000020E610000006D696E1B28452C0B35C0483A1621240,Museo de Arte del Banco de la República,Art Museum,4.596319244,-74.07341804,d2g64k
111,0101000020E610000040CC6C7A038452C0BF56C4DE07071340,Teatro Mayor Julio Mario Santo Domingo,Theater,4.75686596,-74.06271229,d2g749
112,0101000020E610000015E15B3CC58452C09FBC8A70DB621240,Teatro Colón,Theater,4.596540221,-74.07453832,d2g64k
113,0101000020E6100000A34AC229438452C0289D6FD84EED1240,Cinemark,Movie Theater,4.731746084,-74.06659931,d2g6ft
114,0101000020E6100000365F5DB09A8452C0AE3E21995D681240,Museo del Oro del Banco de la República,History Museum,4.601919549,-74.07194146,d2g64m
115,0101000020E610000088486E62D08252C0F85F682AD4B11240,Museo El Chicó,Museum,4.67366091,-74.04396878,d2g6e4
116,0101000020E61000002DE9A76AD78352C02F2D78B71EBC1240,Teatro Nacional La Castellana,Theater,4.683710925,-74.06002299,d2g6ds
117,0101000020E6100000AFE5C0D8B28452C0F33850B47D631240,Casa de Moneda,History Museum,4.597159212,-74.07341594,d2g64k
118,0101000020E6100000C4F5FC98D28452C02746A97852871240,Casa E,Performing Arts Venue,4.632150541,-74.07535386,d2g667
119,0101000020E61000007A302E1ADB8552C052BD848EFDA81240,Cirque Du Soleil - CORTEO,Circus,4.665029742,-74.09149794,d2g6d1
120,0101000020E6100000F564F092838452C0453084623A6F1240,Centro Cultural Teatro Municipal Jorge Eliécer Gaitán,Theater,4.608621158,-74.07053064,d2g64q
121,0101000020E6100000A881A2641D8852C07DD67EC2AF9B1240,Cinemark,Movie Theater,4.652037658,-74.12679401,d2g63n
122,0101000020E6100000B04311F8B78452C029FDBA5F20821240,La Casa Del Teatro Nacional,Theater,4.627076622,-74.07372858,d2g666
123,0101000020E61000002D095053CB8652C0A4E36A64579A1240,Cinepolis,Multiplex,4.650724,-74.10616,d2g63w
124,0101000020E6100000C08005C2838452C0F05574173F6F1240,Cinemateca Distrital,Movie Theater,4.608639113,-74.07054186,d2g64q
125,0101000020E61000009B5263976E8452C03984A54998821240,Orquesta Filarmónica de Bogotá,Music Venue,4.627534056,-74.06924996,d2g66d
126,0101000020E6100000C645BE12D98352C07719506864A41240,Hall 74 - Centro de Eventos Universidad Sergio Arboleda,Amphitheater,4.660539274,-74.0601241,d2g6d8
127,0101000020E61000003C79A870AA8852C073DA6DCC6B7A1240,IMAX Procinal,Movie Theater,4.619551844,-74.13540284,d2g630
128,0101000020E61000009F606476E68152C0034CF8763AC91240,Cinema Paraíso Café Bar,Indie Movie Theater,4.696512088,-74.02969131,d2g6eq
129,0101000020E610000094A1EFAFBD8352C0986E1BBE899F1240,Teatro Fanny Mikey,Theater,4.655798884,-74.05845259,d2g66z
130,0101000020E6100000D424A0D26A8452C0A1FAAE33C0721240,Planetario de Bogotá,Planetarium,4.612061317,-74.06901994,d2g64x
131,0101000020E6100000BC53D0AD0C8452C010DFA61A0E691240,Casa Museo Quinta de Bolívar,History Museum,4.602592865,-74.06327386,d2g64t
132,0101000020E6100000E27848138A8652C053D1A08E50971240,Cine Colombia,Multiplex,4.647768239,-74.10217745,d2g63y
133,0101000020E6100000BD18A52CBC8252C0E4CAD43BA6EC1240,Golden Dance Academy,Dance Studio,4.731102881,-74.04273525,d2g6gj
134,0101000020E6100000530C328EF48452C001AF486F4F7E1240,Teatro Colsubsidio,Theater,4.623349894,-74.07742648,d2g663
135,0101000020E6100000DD7095AA768352C0F3A9A4261A191340,Centro Cultural Gimnasio Vermont,Theater,4.77451382,-74.05411782,d2g74v
136,0101000020E6100000D66109DBC58252C0D747237096F11240,Teatro William Shakespeare,Theater,4.735925438,-74.04332615,d2g6gn
137,0101000020E61000001E7A345AF38452C0450DD5573C631240,Museo Iglesia Santa Clara,History Museum,4.596909878,-74.07735305,d2g64k
138,0101000020E610000019DD6EDB638752C03A269DEB38871240,Cine Colombia,Multiplex,4.632053071,-74.1154698,d2g637
139,0101000020E61000009872212DCA8352C04B8D8E72C7BC1240,Raag Sound,Music Venue,4.684354582,-74.05921486,d2g6ds
140,0101000020E6100000ACD0FA5A088452C0109438BA9DA81240,SKetch,Art Gallery,4.664664182,-74.06300997,d2g6d9
141,0101000020E6100000CE0AFB7B788452C077319E9DF86D1240,Teatro Faenza,Theater,4.607393706,-74.06985378,d2g64q
142,0101000020E6100000C31E97CFB28352C02C1B265BDBA01240,Cine Colombia | Multiplex Avenida Chile,Multiplex,4.657086777,-74.05778875,d2g66z
143,0101000020E6100000CCFD57A1F08352C0D9596D04F2BA1240,La Comedia Teatro,Theater,4.682563848,-74.0615619,d2g6ds
144,0101000020E610000020E1355B868552C0322EBBF650C71240,Cine Colombia | Multiplex Titán Plaza,Multiplex,4.69464479,-74.08632546,d2g6dn
145,0101000020E610000098753A76078552C060694C8733641240,Museo Histórico de la Policía Nacional,History Museum,4.597852816,-74.07858043,d2g64m
146,0101000020E610000075529D2CC28552C0886B49D219851240,Expoartesanias,Art Gallery,4.629981313,-74.08997646,d2g664
147,0101000020E61000006F3EDAB68F8352C08DCD9BF62BAA1240,Cinemark,Movie Theater,4.666183332,-74.05564662,d2g6dc
148,0101000020E61000009EC9EEA5F08352C04736630C9AC11240,El Toke - Salas de Ensayo,Music Venue,4.68906421,-74.061563,d2g6dt
149,0101000020E6100000AB0C910FFB8352C0BC67D07570E41240,Cinemark,Movie Theater,4.723085252,-74.06219854,d2g6fe
150,0101000020E61000000C4854298D8452C095DB4A60B2821240,La Escuela Casa Ensamble,Theater,4.627633576,-74.07111581,d2g666
151,0101000020E61000005B0E2817AF8452C04BB7376D74631240,Sala de Conciertos Biblioteca Luis Angel Arango,Concert Hall,4.59712382,-74.07318667,d2g64k
152,0101000020E6100000A46A3907C28552C0758C42CA63841240,Feria Del Libro Bogotá,Exhibit,4.629286919,-74.08996754,d2g664
153,0101000020E6100000AB23BE62708452C0EB23FEB1D1701240,Museo de Arte Moderno de Bogotá,Art Museum,4.610174924,-74.06935948,d2g64x
154,0101000020E6100000865B72D4268352C0E5B898E88EF51240,Chamorro City Hall,Concert Hall,4.739802965,-74.04924499,d2g6fy
155,0101000020E6100000C1ACA45CF58452C088319DC9487E1240,Teatro Colsubsidio Roberto Arias Perez,Concert Hall,4.623324537,-74.0774757,d2g663
156,0101000020E6100000E28BC4017E8452C020A9FAA49FDA1240,Casa Danza. Escuela de Ballet,Dance Studio,4.71349962,-74.07019085,d2g6f6
157,0101000020E6100000833C2EC1878352C07C451E0598A91240,Auditorio C Vilar Retiro,Theater,4.665618973,-74.0551608,d2g6dc
158,0101000020E6100000E55930F5AE8452C0DA22D3DA4EBD1240,Teatro Cafam de Bellas Artes,Theater,4.68487112,-74.07317857,d2g6dk
159,0101000020E61000004B039852988452C06DE94F1B3C891240,La Casa de la Maldita Vanidad,Indie Theater,4.634018351,-74.07179704,d2g667
160,0101000020E610000058AC0564228452C05B81932F01A81240,KB,Public Art,4.664067024,-74.06459904,d2g6d9
161,0101000020E6100000D77B38C66F8352C0BDF144CBEBAF1240,Jam Sessions,Music Venue,4.67179792,-74.05369716,d2g6df
162,0101000020E61000001779EA24A38252C05A31A8B70DD01240,Cine Colombia | Multiplex Unicentro,Multiplex,4.703177328,-74.04120753,d2g6g0
163,0101000020E610000013E2E1F81B8452C059A80A626EC01240,Cine Colombia,Multiplex,4.687921078,-74.06420729,d2g6dt
164,0101000020E61000002397FA19378352C0599A3DC2A3C81240,Auditorio OldMutual,Theater,4.69593719,-74.05023813,d2g6dy
165,0101000020E61000005E2B5740908452C0C21B0418F77F1240,4 Cuartos,Concert Hall,4.624966026,-74.0713044,d2g663
166,0101000020E61000006E0AF11CDA8352C08B7B274C809F1240,Teatro R101,Indie Theater,4.655762854,-74.06018756,d2g66x
167,0101000020E610000040ACB845718352C037773F82EAAF1240,Jam Session sala de ensayo,Music Venue,4.671793018,-74.0537886,d2g6df
168,0101000020E61000000030D579128352C0331BEC3DAFA71240,Galeria Casa Cuadrada,Art Gallery,4.663754432,-74.04800268,d2g6dc
169,0101000020E6100000F8CBB499368352C0139FD91E84B61240,Cinemania,Indie Movie Theater,4.678238375,-74.05020754,d2g6dg
170,0101000020E6100000AC2BF893AA8252C0846ECC515BB31240,Casa Museo Enrique Grau,Art Museum,4.675153044,-74.04166126,d2g6e5
171,0101000020E61000008D6E1C9A028452C09C0FF57000981240,Teatro Libre,Theater,4.648439183,-74.06265881,d2g66w
172,0101000020E610000044B9E352E28252C0152D895E2CB61240,Galeria Cometa,Art Gallery,4.67790363,-74.04506371,d2g6e5
173,0101000020E61000009B53D5B40C8352C0D925E36C3AB51240,6L6 Nuevetres,Concert Hall,4.676980687,-74.04765054,d2g6e5
174,0101000020E6100000C0670EA3F98352C07CB2F289E09C1240,Teatro Astor Plaza,Theater,4.653200298,-74.06211163,d2g66x
175,0101000020E61000000FB963F5898452C030D980CF308F1240,Libelula Dorada,Comedy Club,4.639834635,-74.07092032,d2g66k
176,0101000020E6100000CFECA8D7C88452C0A92535F339BF1240,Vincent Van Gogh. El genio del color,Art Gallery,4.686744499,-74.07475845,d2g6dm
177,0101000020E6100000215B96AFCB8B52C03D81B053AC6A1240,Cinemark,Movie Theater,4.604173,-74.184307,d2g4py
178,0101000020E6100000DD989EB0C48652C0AEF36F97FD9A1240,Cinepolis Vip,Multiplex,4.651358,-74.105755,d2g63w
179,0101000020E6100000E014B6BB4D8852C0E579AA7D24A81240,Cinépolis,Multiplex,4.664201702,-74.12974446,d2g691
180,0101000020E61000005B61E285828652C05B2A2D8BAEB61240,Ozzy Bar Rock,Rock Club,4.678400206,-74.10171649,d2g69g
181,0101000020E6100000063189967C8352C0D1A2BD414FAC1240,Mikaela El Rincón de la Salsa,Salsa Club,4.668271091,-74.05447925,d2g6dc
182,0101000020E6100000551344DD078A52C05CACA8C134541240,Cinemark,Movie Theater,4.5822325,-74.15673,d2g60d
183,0101000020E610000044A852B3078C52C02F8A1EF8188C1240,Cinemark,Movie Theater,4.636814,-74.18797,d2g4ru
184,0101000020E61000000DF02F0A658352C01BA8494A27AB1240,Cine Colombia | Multiplex Andino,Multiplex,4.667142068,-74.05304198,d2g6dc
185,0101000020E6100000E4AB94234F8252C07906EF9A8DBD1240,Teatro Patria,Theater,4.685110494,-74.03608026,d2g6ek
186,0101000020E6100000EB39553FA48252C0060D2C61FACF1240,Dinamix 4D Unicentro,Multiplex,4.70310356,-74.04127487,d2g6g0
187,0101000020E610000099BA2BBB608752C0ED7E15E0BBCD1240,Cinepolis Diverplaza,Movie Theater,4.700912,-74.115279,d2g69r
188,0101000020E610000043C51B095B8452C09F16EADCC2971240,Pole Dance Bogota,Dance Studio,4.648204281,-74.06805637,d2g66w
189,0101000020E6100000939AABF6898652C06743E72A38971240,Dinamix 4D,Multiplex,4.6476752,-74.10217063,d2g63y
190,0101000020E6100000B42FE320528452C0244CEAE14A7A1240,Royal Films Multicine San Martin,Multiplex,4.619426279,-74.06751272,d2g668
191,0101000020E610000076C9E1B8DF8452C01736B633FA831240,Hombre Mono,Indie Theater,4.628884132,-74.07615492,d2g666
192,0101000020E610000025046505C38B52C0F8D99586D58E1240,Cinemark,Movie Theater,4.639486411,-74.18377814,d2g4ru
193,0101000020E6100000C40E3C2A828452C0942B6DAAD65E1240,Barcu,Art Gallery,4.59261576,-74.07044464,d2g64k
194,0101000020E6100000534A09BAFA8352C0C18F38FF998F1240,Teatro La Baranda,Theater,4.640235889,-74.06217814,d2g66s
195,0101000020E61000006BA91A4E788252C0B3D47D6C92D41240,Jazz al Parque,Music Venue,4.707589812,-74.03859284,d2g6g0
196,0101000020E61000009B47167C7C8452C07F3358B5E2631240,Teatro Libre,Theater,4.597544511,-74.07009794,d2g64k
197,0101000020E6100000AC64AD1A148452C0824C55F3B47D1240,Teatro el parque,Theater,4.622760584,-74.06372706,d2g669
198,0101000020E6100000B0C64AE3198652C08869C546D4001340,Cinemark,Movie Theater,4.75080977,-74.09533007,d2g71b
199,0101000020E610000079939185188452C0A5F7C9F78C7B1240,Tambora Records & Booking,Music Venue,4.620654937,-74.06399669,d2g669
200,0101000020E6100000A1170E98128352C009D27FE55CB51240,Centro de Diseño Portobelo,Art Gallery,4.677112184,-74.04800989,d2g6dg
201,0101000020E6100000D3131ED0CF8452C06CE80EBCAB621240,Museo Colonial,Museum,4.596358241,-74.0751839,d2g64k
202,0101000020E6100000DEF6C42AA38452C06EF3C58AE3891240,Teatro Ernesto Arona,Theater,4.634657067,-74.07245893,d2g667
203,0101000020E6100000FE902E01EE8452C0E20D187EEEBB1240,Hangar Films,Performing Arts Venue,4.683526964,-74.07702665,d2g6dk
204,0101000020E61000009751BDA9678452C0B8DD0BB2F0931240,Teatro Santafé,Theater,4.644472868,-74.06882709,d2g66t
205,0101000020E61000004311D0BFD08452C0B17F3CE7C2641240,Museo de La Independencia Casa del Florero,History Museum,4.598399747,-74.07524104,d2g64m
206,0101000020E6100000B4CC31DF6D8452C0780481951C701240,Cine Colombia | Multiplex Embajador,Multiplex,4.609484039,-74.06920605,d2g64x
207,0101000020E610000002327DD7B98452C063C5EC2D45BE1240,Cinemark,Movie Theater,4.685810773,-74.07384288,d2g6dm
208,0101000020E6100000A49E5844288752C057D15419F5D71240,Cine Colombia | Multiplex Portal 80,Multiplex,4.710895916,-74.1118327,d2g6c9
209,0101000020E6100000B7F2F4FB018652C02DB6D954316E1240,Ricaurte,Art Gallery,4.60761006,-74.09387111,d2g61y
210,0101000020E6100000D38613D1F98452C06FFBBEB1D6DD1240,Teatro Montessori,Theater,4.716639306,-74.0777476,d2g6f6
211,0101000020E6100000000000A0B58452C005000080A48E1240,Teatro Ditirambo (Galerías),Theater,4.639299393,-74.07358551,d2g66k
212,0101000020E6100000A910325D7A8452C0614C380575821240,Teatro Petra,Theater,4.627399522,-74.06996851,d2g666
213,0101000020E6100000672786CC8C8452C0977AEAB300DF1240,Salas De Ensayo Rockstar,Rock Club,4.717776118,-74.07109368,d2g6f6
214,0101000020E61000005481408A298452C0D2B4C34A3FE91240,Cine Colombia | Multiplex Portoalegre,Multiplex,4.727780503,-74.0650354,d2g6fs
215,0101000020E61000003F71C427EE8552C0EBC17F9EEA6F1240,Centro Nacional de artes gráficas Ricaurte,Public Art,4.609293438,-74.09266085,d2g61z
216,0101000020E6100000676A861B058A52C0D380E8EC37921240,Cinemas Procinal,Movie Theater,4.642791464,-74.15656174,d2g62t
217,0101000020E610000021FA67CB018452C0681AD01BA09C1240,Royal Center,Concert Hall,4.652954516,-74.06260953,d2g66x
218,0101000020E610000011E4A821CA8552C061970DCC6CCB1240,Museo de Arte Contemporáneo,Art Museum,4.698657215,-74.09046213,d2g6dp
219,0101000020E610000008D376624B8752C0C350514000E51240,Cinemas Procinal,Multiplex,4.723633771,-74.11397611,d2g6c7
220,0101000020E610000019A5CA8FF68252C0CE414D700F0D1340,Cine Colombia,Multiplex,4.762754206,-74.04629893,d2g755
221,0101000020E6100000A9F57E078A8352C0CBE5C1098B8C1240,POLIRADIO,Music Venue,4.637249138,-74.05529964,d2g66u
222,0101000020E610000033C923134B8852C0593CABBB687E1240,Organizacion Musical Vallenata Bolivar Alvarez y Pablo Araujo,Music Venue,4.6234464,-74.1295822,d2g631
223,0101000020E6100000E9616875728452C0C26C020CCBDF1240,Kúa - Academia De Acondicionamiento Físico Y Danza,Dance Studio,4.718548,-74.069486,d2g6fd
224,0101000020E61000006A7AB85D7B8352C02AF19246F6D61240,Mayito Garcia's Dance Academy,Dance Studio,4.709923842,-74.05440467,d2g6fc
225,0101000020E6100000EC32FCA71B8352C0FBAE08FEB7C21240,Teatro Abc,Theater,4.690155,-74.048563,d2g6dv
226,0101000020E6100000446D1B46418852C0731074B4AA951240,Cine Colombia Multiplex El Edén,Movie Theater,4.646159,-74.128984,d2g63j
227,0101000020E6100000ADEFEEEBC08352C09C8E196EAB9E1240,Academia Charlot,Performing Arts Venue,4.654950829,-74.05865,d2g66z
228,0101000020E61000008195FFCEC78452C05A63794B567D1240,Garaje Music Produccion,Music Venue,4.622399501,-74.07469535,d2g663
229,0101000020E6100000EF8513E2DB8452C0722FD571A1871240,LAB1,Music Venue,4.6324518,-74.0759206,d2g667
230,0101000020E6100000520F42E2168352C0F12AABC610B91240,School Of Rock,Rock Club,4.680728058,-74.04827172,d2g6du
231,0101000020E6100000D8D1FEFD878452C0D23B44FCF3631240,"Centro García Márquez ""El Original""",Theater,4.597610418,-74.0708003,d2g64k
232,0101000020E61000002CE156C01E8352C07D6F447C6BB61240,Revista Soho,Arts & Entertainment,4.678144399,-74.04875191,d2g6dg
233,0101000020E61000000E846401138452C0DFBB7262B49B1240,TMH - The Music Hall Bogotá,Rock Club,4.6520553,-74.06366,d2g66w
234,0101000020E610000027D23218738352C0E259562C1BA91240,Galeria El Museo,Art Gallery,4.66514272,-74.05389981,d2g6dc
235,0101000020E61000008369183E228452C026361FD7869A1240,Audio Room,Music Venue,4.650905,-74.06459,d2g66w
236,0101000020E61000005B26D9D4F28352C07120914B068F1240,Soundphonix,Music Venue,4.639672452,-74.06169625,d2g66s
237,0101000020E61000001947900CDF8152C07788633968E91240,Museo de Bogotá,Museum,4.727936646,-74.02923884,d2g6gk
238,0101000020E61000001FE53B93168252C01D4394FC21C51240,Cine Colombia,Multiplex,4.692512461,-74.03262788,d2g6eq
239,0101000020E6100000B1B138B1EE8352C0DD1BA7BE15911240,Insurgentes Taco Bar,Taco Place,4.641684512,-74.06144362,d2g66s
240,0101000020E6100000F7C77B00298352C0940E801F05B01240,Black Bear,Lounge,4.671894543,-74.04937756,d2g6df
241,0101000020E6100000F69C2F850C8352C00AF4FADDFDB81240,Gaira,Restaurant,4.680655926,-74.04763918,d2g6eh
242,0101000020E610000019ADA3AA098252C0EE5D83BEF4C61240,Pedro Mandinga,Bar,4.694293,-74.03184,d2g6eq
243,0101000020E610000087120C2C298352C0E83B2F555CCE1240,Bogotá Beer Company,Brewery,4.701524096,-74.04938794,d2g6dz
244,0101000020E6100000D096EF67108452C083C12723609A1240,Video Club,Nightclub,4.65075736,-74.06350134,d2g66w
245,0101000020E610000077DA37B4698352C02A3CBEA066AB1240,Bogotá Beer Company,Pub,4.667383682,-74.05332666,d2g6dc
246,0101000020E6100000E526073CDE8352C0F6E5640DF29F1240,Red Room,Lounge,4.656196794,-74.06043912,d2g66x
247,0101000020E6100000D80F38C26D8452C05DDEBFE8196A1240,Marandúa,Wine Bar,4.603614461,-74.06919914,d2g64w
248,0101000020E610000093BD12E95A8452C0DF34E58FA6791240,Bogota Beer Company,Bar,4.618799446,-74.06804873,d2g668
249,0101000020E6100000B209C5899B8852C0853EC4F96A791240,Bogotá Beer Company,Brewery,4.618572142,-74.1344933,d2g630
250,0101000020E6100000FEC316BB068252C0F1C6F97C80C71240,The Irish Pub,Pub,4.694826081,-74.03166082,d2g6eq
251,0101000020E61000007ACD6365898352C08F46E0746BAA1240,Upperside,Cocktail Bar,4.666425539,-74.05526099,d2g6dc
252,0101000020E6100000C6A750BBAF8252C08E90D77100E31240,Bogotá Beer Company - La Bodega Cll140,Brewery,4.721681384,-74.04197581,d2g6g5
253,0101000020E61000002B007668708352C0B2E70FDFDC9D1240,Bogotá Beer Company,Pub,4.65416287,-74.05373584,d2g66z
254,0101000020E6100000858B2FD48C8452C0A857EADF00DF1240,BBC La Bodega - Villas,Brewery,4.717776774,-74.07109551,d2g6f6
255,0101000020E6100000000080B5908152C04D4228E77DE81240,Bogota Beer Company Belaire Plaza,Brewery,4.727042782,-74.02445734,d2g6gs
256,0101000020E6100000000000C4D28352C017898563749D1240,Huerta Bar Cocteleria Artesanal,Cocktail Bar,4.6537643,-74.05973911,d2g66x
257,0101000020E6100000570AACE8858552C0CF96CE27A8C61240,Bogotá Beer Company,Brewery,4.694000837,-74.08629815,d2g6dn
258,0101000020E6100000CE82626DD08652C082442805799F1240,Bogotá Beer Company,Pub,4.655735093,-74.10647139,d2g63x
259,0101000020E61000003A9800E3718352C0E4F57BBABAAB1240,Blind Tiger,Speakeasy,4.6677045,-74.05382609,d2g6dc
260,0101000020E6100000C5454F6CF18152C0EA06EAB332C81240,Bogotá Beer Company,Brewery,4.695505916,-74.0303603,d2g6eq
261,0101000020E61000006E487C07718352C06CF9070B52A91240,Bodega BBC,Brewery,4.665352032,-74.05377376,d2g6dc
262,0101000020E61000004E801C418F8452C04A637F48B1631240,The Irish Pub,Pub,4.597355969,-74.07124355,d2g64k
263,0101000020E6100000CEC3F5FECB8852C05E452F559A7A1240,Canterbury Café,Cocktail Bar,4.619729358,-74.13745092,d2g62b
264,0101000020E6100000B8093D1E2A8752C0FE80BE76BF9E1240,Hanashi Sushi Bar,Sushi Restaurant,4.655027252,-74.11194569,d2g63x
265,0101000020E6100000CC28965B5A8452C09D9FE238F0EA1240,Bogota Beer Company,Pub,4.729432,-74.068015,d2g6fs
266,0101000020E6100000EBB3C697478952C0350243D128CB1240,Bogotá Beer Company,Pub,4.698397894,-74.14499468,d2g68z
267,0101000020E61000005C1F0B5A718352C096ABC84D5BAD1240,Bogotá Beer Company,Brewery,4.669293609,-74.05379344,d2g6df
268,0101000020E6100000330DCF7C168452C0ECA782C2AB891240,La Negra,Nightclub,4.634444274,-74.06387253,d2g66e
269,0101000020E6100000CF5830577D8452C0D5AA439D63701240,BBC La Bodega - Terraza Pasteur,Brewery,4.609754998,-74.07015018,d2g64r
270,0101000020E61000001420967CFC8252C0FCAF5FDA95E31240,Bogotá Beer Company,Brewery,4.722251331,-74.04666056,d2g6g5
271,0101000020E6100000DF28F09E108252C0C52C1EF0DFCF1240,Draft Bogota,Bar,4.703002693,-74.03226446,d2g6g2
272,0101000020E6100000A67E1C6F418452C079E742E63E7A1240,BAUM,Beer Garden,4.619380567,-74.06649378,d2g668
273,0101000020E6100000E7EC32B0B88452C066045DF812921240,Bogotá Beer Company,Pub,4.64265049,-74.07377248,d2g66m
274,0101000020E61000005EA56A02CD8252C00D622A9F8FCC1240,El Monje,Bar,4.699766623,-74.04376278,d2g6ep
275,0101000020E61000004EDC1629528352C03960F8D768AA1240,Vinos Del Rio,Wine Bar,4.666415572,-74.05188968,d2g6dc
276,0101000020E6100000BF7D1D38678352C0904C874ECFAB1240,Ovejo,Bar,4.667783,-74.053175,d2g6dc
277,0101000020E61000004305CE99C28352C0E844E23D5EA71240,Classics Rock y Pop,Bar,4.663445441,-74.05875249,d2g6db
278,0101000020E610000084C395A0828452C0220190AEB2661240,Bogotá Beer Company,Pub,4.600290992,-74.07047286,d2g64m
279,0101000020E6100000616A9FB88B8352C0E40C34DC55CE1240,Bogotá Beer Company,Brewery,4.701499406,-74.0554029,d2g6dz
280,0101000020E61000004F7633A31F8452C07976F9D687951240,Marino-Submarino,Nightclub,4.646026,-74.064431,d2g66t
281,0101000020E61000001A897EF7138452C002EC8C49B59B1240,Abbott & Costello,Bar,4.652058744,-74.06371868,d2g66w
282,0101000020E61000003CFF0CB6728352C0FE56E2CC98AB1240,Pravda,Bar,4.667575074,-74.05387641,d2g6dc
283,0101000020E610000028EABABB278352C0D6AA89F889051340,Roerik,Lounge,4.75540913,-74.04930013,d2g74c
284,0101000020E61000006F77448C0E8352C02923C13E1DB41240,Bogotá Beer Company,Pub,4.675892811,-74.04776293,d2g6e5
285,0101000020E61000000A63210CA48452C0DEB759CE31651240,El Candelario,Nightclub,4.598822808,-74.07251266,d2g64m
286,0101000020E61000008CE15F61398252C0F9DA4D28E6C51240,W Lounge,Lounge,4.693260793,-74.03475222,d2g6eq
287,0101000020E6100000EFFB7FED098352C09519751B98B31240,Apache,Hotel Bar,4.675384931,-74.04748094,d2g6e5
288,0101000020E6100000B52E1805FB8352C08B32318674951240,Café Sirope,Bar,4.645952317,-74.06219604,d2g66t
289,0101000020E6100000C0C0AAAA028452C038636FD190961240,Color House,Gay Bar,4.647036812,-74.06266276,d2g66t
290,0101000020E6100000AE7B07FEF88252C0FA23B702C1B31240,Zacapa Room,Cocktail Bar,4.675540965,-74.04644728,d2g6e5
291,0101000020E6100000CD5F95646E8452C0B06FD503A0661240,La Peluqueria,Nightclub,4.600219784,-74.06923785,d2g64t
292,0101000020E61000000DB4500B3E8452C029BD777BC2741240,Bogota Beer Company,Pub,4.614023141,-74.06628688,d2g64x
293,0101000020E610000008D470E3FD8352C017ACFF8891A31240,La bodega BBC,Brewery,4.65973486,-74.06237112,d2g6d8
294,0101000020E61000005798BED7108252C06C938AC6DACF1240,Wine Lovers,Wine Bar,4.702983,-74.032278,d2g6g2
295,0101000020E6100000D0A45BC6488452C0A4DFB841CD8D1240,BBC La Bodega,Brewery,4.638478305,-74.06694182,d2g66s
296,0101000020E61000000CB0C05FD28352C0350EBBEDD6921240,BBC La Bodega,Brewery,4.643398013,-74.05971521,d2g66t
297,0101000020E6100000C0DC80203E8452C0923FBE36C1741240,BBC La Macarena,Brewery,4.614018302,-74.06629193,d2g64x
298,0101000020E6100000559DCFFD7F8452C067D206A826651240,Cafe Para Dos,Cocktail Bar,4.598780275,-74.07031198,d2g64m
299,0101000020E6100000136C4A09F38252C05A39797A73CA1240,Bogotá Beer Company,Brewery,4.69770614,-74.04608376,d2g6ep
300,0101000020E6100000EE14185FE88152C0A619687933C91240,Abasto,Gastropub,4.696485421,-74.02980783,d2g6eq
301,0101000020E6100000A33437A2998752C01D594B0C3EAC1240,Crazy Shots,Cocktail Bar,4.668205444,-74.11875205,d2g693
302,0101000020E61000009119067C738352C0C62EBECBA3AC1240,Drunken Fox,Bar,4.668593582,-74.05392361,d2g6dc
303,0101000020E61000008ADF2ECC788452C07BA461F1F9661240,Hibrido Bar,Cocktail Bar,4.600562831,-74.0698729,d2g64m
304,0101000020E6100000277956EA508452C073A136CBA8761240,El Libertador Grand Bar,Lounge,4.615878272,-74.06743868,d2g668
305,0101000020E6100000D448949B7F8352C0D13F5B6740AD1240,El Coq,Bar,4.669190993,-74.05466356,d2g6df
306,0101000020E610000070F1F0C7808352C07723B5A700AE1240,Armando Records,Nightclub,4.669924374,-74.05473517,d2g6df
307,0101000020E6100000C5E0CEAF668352C0C26E9B7B54AA1240,Il Pomeriggio,Beer Garden,4.666337901,-74.0531425,d2g6dc
308,0101000020E610000096FC6C13D78352C097A357D0A79D1240,El Mono Bandido - Quinta Camacho,Bar,4.653960471,-74.06000219,d2g66x
309,0101000020E61000008C993C65098252C02EB2518F88C71240,The Pub (Usaquen),Pub,4.694856872,-74.03182345,d2g6eq
310,0101000020E610000016D3E335ED8752C0D10DE6BA8F5D1240,Joshua Cafe Bar,Bar,4.591368599,-74.12385318,d2g617
311,0101000020E610000052448655BC8452C0AD3594DA8BD81240,BBC La Bodega - Niza,Brewery,4.711471,-74.073995,d2g6f3
312,0101000020E610000087673158A68852C0B6BC21826FC61240,BBC La Bodega - Terminal Puente Aéreo,Brewery,4.693784746,-74.13515286,d2g69n
313,0101000020E6100000E8B0E573D58352C0C6CC701FE8911240,Indio,Lounge,4.642487041,-74.05990312,d2g66t
314,0101000020E61000002C5B168A168452C03F08C4EA8F941240,Theatrino By Theatron,Gay Bar,4.64508025,-74.0638757,d2g66t
315,0101000020E6100000FFB9CCF7128252C03F99FCF9D5C41240,Cabaret Bar Restaurante,Nightclub,4.692222506,-74.03240771,d2g6eq
316,0101000020E6100000E301B6616B8352C029B6AD5EDFB11240,ElTres,Cocktail Bar,4.673703651,-74.05342906,d2g6df
317,0101000020E610000065C8224A2D8652C009BADA34E58B1240,BBC Bodega embajada,Pub,4.636616541,-74.09651426,d2g63u
318,0101000020E6100000A2D294467F8652C06B64FB2657971240,Palos De Moguer,Bar,4.647793397,-74.10151829,d2g63y
319,0101000020E6100000842BA60C4C8452C01DAACE6B68C61240,El Anónimo,Cocktail Bar,4.69375771,-74.06714169,d2g6dw
320,0101000020E61000003ED24D0C138252C0B532EA42AEC51240,Balsámico,Bar,4.693047567,-74.0324126,d2g6eq
321,0101000020E61000001D1AE2ACE28352C087F6455453981240,club octava,Nightclub,4.648755376,-74.06071016,d2g66w
322,0101000020E610000075484449868452C0D70E27C1AA691240,Casa Quiebra-Canto,Nightclub,4.603190439,-74.07069618,d2g64m
323,0101000020E6100000C032EA5E278452C0FDF43BAF61E81240,WRIBS,Sports Bar,4.726935137,-74.064903,d2g6fs
324,0101000020E610000073258BF3FC8352C0C68CB449D1991240,School of Rock Beer and Grill,Bar,4.650212433,-74.06231392,d2g66w
325,0101000020E61000005CEA936A208352C04FA6D2C5FBB31240,la xarcuteria 93,Gastropub,4.675765124,-74.04885354,d2g6dg
326,0101000020E610000048B91F88CA8352C0D441CE1811B01240,Los Cafetales,Beer Garden,4.671940219,-74.05923656,d2g6dd
327,0101000020E61000005AB237E02C8452C066469DE08DE71240,Beer Colina,Bar,4.726127157,-74.065239,d2g6fs
328,0101000020E610000034310DDC848352C0181519CC9EB11240,Parque El Virrey,Park,4.673457326,-74.0549841,d2g6df
329,0101000020E6100000B6184E651B8352C07796001709B51240,Parque de la 93,Park,4.676792488,-74.0485471,d2g6dg
330,0101000020E610000003000070BE8252C09C52EF66D6C51240,Parque Santa Paula,Park,4.693200692,-74.04287338,d2g6en
331,0101000020E610000095D8F42F2B8352C030D3ECD7739A1240,Quebrada La Vieja,Scenic Lookout,4.650832533,-74.04951095,d2g66y
332,0101000020E6100000813A30938F8352C0059BE018FC6A1240,Monserrate,Scenic Lookout,4.604477299,-74.05563812,d2g64y
333,0101000020E61000000300007AD28252C0C3263A2946B11240,Parque del Chicó,Park,4.673119206,-74.04409647,d2g6e4
334,0101000020E6100000FEFF7FB4FA8152C085D9C3C3D8C71240,Parque Usaquén,Park,4.695162829,-74.03092682,d2g6eq
335,0101000020E61000008887F2B7728352C06ECEF3588AAB1240,Zona T,Plaza,4.667519941,-74.05387686,d2g6dc
336,0101000020E610000088260577488652C01C2511EC69AC1240,Jardín Botánico José Celestino Mutis,Botanical Garden,4.668372811,-74.09817291,d2g69c
337,0101000020E6100000C7831E80E48252C0F5F3DFA666AE1240,Parque El Virrey Oriente,Park,4.670313461,-74.04519656,d2g6e4
338,0101000020E6100000FEFFFFA3FF8552C006D916F418A21240,Parque Metropolitano Simón Bolívar,Park,4.658298315,-74.09372807,d2g69b
339,0101000020E6100000C9E82D1E0F8752C01546AF971FDA1240,Parque San Andrés Bochica,Athletics & Sports,4.713011141,-74.11029772,d2g6c9
340,0101000020E6100000A881A37D838552C056B4CCA280A91240,Centro Canino Cruz Roja,Dog Run,4.66552977,-74.08615056,d2g6d1
341,0101000020E610000017CCABCDDB8252C013D179599EC21240,Pilates ProWorks,Gym / Fitness Center,4.69005718,-74.04466574,d2g6ej
342,0101000020E61000006C36E447998652C030BB8BD2A4A61240,Piscina CUR compensar,Pool,4.662738123,-74.10310552,d2g698
343,0101000020E610000087C8B07CB68252C09AB0941543D71240,Country Club de Bogotá,Golf Course,4.710216844,-74.04238813,d2g6g1
344,0101000020E6100000ACB0E65ED98152C0301101B8A8D01240,Stark Smart Gym,Gymnastics Gym,4.703768611,-74.02889226,d2g6g2
345,0101000020E6100000FFFFFF7BCE8452C063DF541E25851240,Park Way,Park,4.630024408,-74.07510281,d2g666
346,0101000020E6100000FEFFFF7F268352C0795279F6C3E21240,Parque Alcalá,Park,4.721450664,-74.04922485,d2g6fg
347,0101000020E61000000F8BC06D3D8352C0F1D6F5FC40CB1240,Smartfit Calle 116,Gym / Fitness Center,4.698490098,-74.05062431,d2g6dz
348,0101000020E6100000412E11E6DD8252C00758D8485FBA1240,Good Club de Bienestar,Gym / Fitness Center,4.682004107,-74.04479362,d2g6eh
349,0101000020E6100000720986C1CB8452C00CE8962F662A1340,Club Campestre los Arrayanes,Golf Course,4.791405433,-74.07493628,d2g762
350,0101000020E6100000551E8F80628352C0A3D5283B55AF1240,Live Primitive Crossfit Bogota,Gym,4.671223568,-74.0528871,d2g6df
351,0101000020E6100000BC78EB39578552C0E0422AB455D51240,Club Los Lagartos,Golf Course,4.708334746,-74.08344887,d2g6f1
352,0101000020E610000020399DB9A08652C0770928A70BA71240,Gimnasio Compensar,Gym,4.66313039,-74.10355988,d2g698
353,0101000020E61000009F48DBE5AB8452C0A03835A2A1DC1240,Bodytech,Gym,4.715460333,-74.07299181,d2g6f6
354,0101000020E6100000F9D5A590D18652C0CE410F369E9F1240,Bodytech,Gym,4.655876965,-74.10654083,d2g63x
355,0101000020E61000000DF74AF8978452C05C8A467F0D821240,Parque Brasil,Park,4.627004613,-74.07177551,d2g666
356,0101000020E6100000BAE1C495F68452C04344E3D1A99C1240,Campin Futbol 8,Soccer Field,4.652991561,-74.07755036,d2g66r
357,0101000020E6100000D9F40954928352C00F3F6B9205AB1240,GHL HAMILTON BOGOTÁ HOTEL,Roof Deck,4.667013443,-74.05580617,d2g6dc
358,0101000020E610000067D0FA97078252C0B890C8CEDA321340,Campos de tenis de Compensar,Tennis Court,4.79966281,-74.03171348,d2g773
359,0101000020E6100000030000320C8252C0F9C97774E3C31240,Parque Publico Usaquén II,Dog Run,4.691297359,-74.03199434,d2g6eq
360,0101000020E6100000E30723A9AF8552C01A1AEC0AB14A1240,Velodromo Primero De Mayo,Park,4.572940989,-74.08884648,d2g640
361,0101000020E6100000C7831E80E48252C0036F12A2EC4D1340,Club Campestre Guaymaral,Golf Course,4.826097996,-74.04519656,d2g77n
362,0101000020E610000089B4108F858352C09906713542CB1240,Spinning Center Pepe Sierra,Gymnastics Gym,4.698494754,-74.05502679,d2g6dz
363,0101000020E6100000FEFFFF1F1E8252C0270348BCE3E41240,Parque Cedritos,Park,4.723524992,-74.03308868,d2g6g7
364,0101000020E610000000000026728252C0AE26935B59D31240,Parque El Country,Park,4.70639556,-74.03821707,d2g6g0
365,0101000020E61000009099D6E5A48352C056A7B38EC2981240,Pilates ProWorks Chapinero Alto,Gym,4.649179678,-74.05693956,d2g66y
366,0101000020E610000002ADD092AB8352C05456E35A88B91240,Gimnasio Compensar,Gym / Fitness Center,4.681184216,-74.05734702,d2g6du
367,0101000020E61000009DF857F5EC8252C07B3F36A5B1E61240,Spinning Center Cedritros,Gym / Fitness Center,4.725287038,-74.04571279,d2g6gh
368,0101000020E61000002D83AACE938352C0234CD644959A1240,Spinning Center,Gym,4.650960041,-74.05589644,d2g66y
369,0101000020E61000004EE24947E38252C03C04CF43A2181340,Club el Rancho,Golf Course,4.774056491,-74.04512198,d2g75j
370,0101000020E6100000FEFFFFAADE8152C03A694DE48BDF1240,Parque Belmira,Park,4.718307082,-74.02921557,d2g6g6
371,0101000020E6100000FDFFFF2DF28152C075EEFEEE42D31240,Parque Bella Suiza,Playground,4.706310019,-74.03040648,d2g6g2
372,0101000020E61000008ABB0C09498352C05530C9D874C71240,Parque Los Molinos,Park,4.694781673,-74.05133272,d2g6dy
373,0101000020E6100000F6ABE7167D8652C0D0B6D43571A51240,Compensar - Centro Urbano de Recreación,Recreation Center,4.661564675,-74.10138486,d2g69b
374,0101000020E6100000CEA071A83D8652C0E59559FE44A81240,Unidad Deportiva El Salitre,Recreation Center,4.66432569,-74.0975133,d2g69c
375,0101000020E6100000FEFFFFA3898352C0E18E110C05C11240,Chico Navarra,Park,4.688495816,-74.05527592,d2g6dv
376,0101000020E6100000C520E7855B8352C043128C11B8D11240,TRX Training Center,Gym / Fitness Center,4.704803728,-74.05246112,d2g6fb
377,0101000020E610000024B50DF8CE8352C01F0057D727AE1240,Bodytech Point 83,Gym,4.670073857,-74.05950738,d2g6dd
378,0101000020E610000064E1DA40E98752C09DB4C2E6C45D1240,Bodytech Centro Mayor,Gym / Fitness Center,4.591571432,-74.12361165,d2g617
379,0101000020E61000002D1A3922228252C0D17F8E5B72DA1240,Tropa Bogota,Gym / Fitness Center,4.713326865,-74.03333335,d2g6g6
380,0101000020E6100000420D96744A8352C079CEE1ACEFA61240,evolation yoga - Hot Yoga - Bikram Yoga,Yoga Studio,4.663023664,-74.0514194,d2g6db
381,0101000020E6100000FB6D90D5C28352C0E97E6C9A9D991240,Stark Smart Gym,Gym / Fitness Center,4.650015271,-74.05876674,d2g66y
382,0101000020E6100000CA52D495638352C09678A643D98C1240,Quebrada las Delicias,Park,4.637547547,-74.0529532,d2g66u
383,0101000020E6100000FFFFFFD14C8352C09EC7109A71CE1240,Parque Santa Bárbara (Eva Perón),Park,4.701605232,-74.05156374,d2g6dz
384,0101000020E61000003C35AEB15A8252C0CF2B88AD59481340,Bogotá Tennis Club,Tennis Court,4.820654594,-74.03678553,d2g77m
385,0101000020E6100000000000C42C8452C0BAED3B4D2D7F1240,Parque Nacional,Park,4.62419625,-74.06523228,d2g669
386,0101000020E61000009A4F0300EF8452C017EB16C59DB11240,Club Social De Tejo El Porvenir Del Norte,Hockey Field,4.673453407,-74.07708741,d2g6d6
387,0101000020E61000009B6A3323338552C00F3273079E9C1240,Parque de Los Novios,Park,4.652946583,-74.08124619,d2g66p
388,0101000020E61000001A49AFFDB68552C0A3110455FCA01240,Parque Simon Bolivar: Sector Virgilio Barco,Park,4.657212571,-74.08929388,d2g66p
389,0101000020E6100000C847C61B038352C03767B4B33EA91240,Bodytech Cabrera,Gym,4.665278252,-74.04706473,d2g6e1
390,0101000020E6100000E0412C7A2E8352C0BF6FF2703F9D1240,Cerros Orientales Bogotá,Trail,4.653562321,-74.04971175,d2g66z
391,0101000020E6100000B653610DEF8252C0241C2D524EB61240,Kinetics Functional Training,Gym / Fitness Center,4.678033146,-74.04584059,d2g6e5
392,0101000020E61000009ABA9F64358552C0E2CE814EDEF71240,Parque Mirador De Los Nevados,Park,4.74205897,-74.08138385,d2g6fp
393,0101000020E6100000DC3C6268778252C0EE088FCE35CB1240,YogaSpace,Yoga Studio,4.698447444,-74.03853807,d2g6ep
394,0101000020E610000038ECFE2D498352C0DC77EE7967B41240,Bogotá FITBOX,Gym,4.676175981,-74.05134153,d2g6dg
395,0101000020E610000006ED6AC3648352C0A2E9EB3947E51240,Studio Gym,Gym,4.723904519,-74.05302511,d2g6fg
396,0101000020E6100000549ED39C688552C0AABA783852A71240,Campo de Practica Fedegolf,Golf Course,4.663399584,-74.08451005,d2g6d0
397,0101000020E610000003000058C88152C05594F8D57EE71240,Parque Cedro Golf,Park,4.726069778,-74.02785301,d2g6gk
398,0101000020E61000009FE32E44528352C00051C43056C01240,BODYTECH,Gym / Fitness Center,4.687828791,-74.05189614,d2g6dv
399,0101000020E6100000AB2819CCB58152C0BBD7EEEDA4E41240,Bodytech,Gym,4.723285406,-74.02672102,d2g6g7
400,0101000020E6100000515FAA214C8352C0EE22C950E49E1240,Castillo del Mono Osorio,Castle,4.65516783,-74.0515217,d2g66z
401,0101000020E6100000D6A4B7D07F8452C05CAD063506781240,Parque Central Bavaria,Park,4.617211178,-74.07030123,d2g662
402,0101000020E6100000FFFFFFA6DA8952C0EAC2FC4FA36F1240,Parque Timiza,Park,4.609021425,-74.15397048,d2g60x
403,0101000020E6100000020000D4648752C03E5574B027691240,Parque Ciudad Montes,Park,4.602690465,-74.11552906,d2g61m
404,0101000020E6100000A0E89E86A38852C07D7F91174F881240,Club Deportivo Bavaria,Sports Club,4.633114212,-74.13498083,d2g635
405,0101000020E61000005AA9BAEA8A8352C002BD015B25B21240,229 cross Training,Athletics & Sports,4.673970625,-74.05535382,d2g6df
406,0101000020E61000009FFFAEC50F8252C0467EC4BE59391340,La Granja Multiparque,Farm,4.806006413,-74.03221266,d2g776
407,0101000020E6100000237640ABC78452C0A78D9AB0D48D1240,Octagonon Centro De Artes Marciales,Martial Arts School,4.63850666,-74.07468683,d2g66k
408,0101000020E6100000BAD82750638652C06434F33A23591240,sport body,Gym,4.587048455,-74.09981159,d2g61g
409,0101000020E6100000F06663D80A8252C0D00448FF00C51240,Studio Sound - Zumba® Fitness,Gym / Fitness Center,4.692386616,-74.03191194,d2g6eq
410,0101000020E6100000B739F8B9CA8652C01BD73B1F429A1240,Stark,Gym / Fitness Center,4.65064286,-74.10612344,d2g63w
411,0101000020E610000075EBBC47A18452C09CFE9FA31A8E1240,Zona De Bloque,Gym / Fitness Center,4.638773495,-74.07234376,d2g66k
412,0101000020E6100000F65EA27BAD8352C0F00EE368B99A1240,Reebok CrossFit Zona G,Athletics & Sports,4.651097907,-74.05746356,d2g66y
413,0101000020E61000006CDF8305F58352C01FC6147D30C71240,e! Vive Gym - Pasadena,Gym,4.694520907,-74.06182993,d2g6dw
414,0101000020E610000055D022B0288452C0807733E64DC91240,Parque Puente Largo,Park,4.696586224,-74.0649834,d2g6dw
415,0101000020E6100000AFBE47F4248552C014F0E7222B921240,Gimnasio Colsubsidio El Cubo,Gym / Fitness Center,4.642742677,-74.08038051,d2g66m
416,0101000020E61000002EE0DD301F8352C09A15F0B7E2B51240,Le Club Gym,Gym,4.677622675,-74.04877874,d2g6dg
417,0101000020E6100000183DD7DA778152C0B8BE516A0EE61240,Bosque de pinos,Mountain,4.724664365,-74.02294036,d2g6gs
418,0101000020E610000024E46447418352C02D7BE4D903EE1240,History Cancha Fútbol 6 Pacho Delgado,Soccer Field,4.732436566,-74.05085931,d2g6fv
419,0101000020E610000060FE98EF4B8252C08F63A4E9DEDF1240,Magma CrossFit,Gym / Fitness Center,4.718623782,-74.03588476,d2g6g6
420,0101000020E6100000C410702AEF8352C09C664FCEF5D11240,Parque Recreo de los Frailes,Park,4.705039238,-74.06147252,d2g6f8
421,0101000020E610000012179CA5008752C07851D3341C9B1240,Santa maria del salitre,Gym,4.651474786,-74.10941448,d2g63w
422,0101000020E61000000C72C7DECB8452C0F5BA414178C91240,Cancha La Bombonera,Soccer Field,4.696747799,-74.07494325,d2g6dr
423,0101000020E6100000FDFFFF8F618352C008010872C5BC1240,Parque 97,Park,4.684346945,-74.05282974,d2g6du
424,0101000020E61000004350232A168252C0E221524287461340,Al Limite Paintball,Paintball Field,4.818875347,-74.03260282,d2g77m
425,0101000020E6100000FEFFFFB6598252C009D74918BEC41240,Parque Molinos Norte,Park,4.692131404,-74.03672576,d2g6eq
426,0101000020E6100000206626021B8252C087A8DEAE7DC51240,Bodytech Hacienda,Gymnastics Gym,4.692862255,-74.03289846,d2g6eq
427,0101000020E6100000510837308A8452C0E307F63888D91240,Bodytech,Gymnastics Gym,4.71243371,-74.07093435,d2g6f3
428,0101000020E61000002734FF88758452C0E6681249A6631240,Chorro de Quevedo,Plaza,4.597314016,-74.06967378,d2g64s
429,0101000020E61000001EBE1F4CA18352C03594898CE8021340,Escuela de Natación Infantil Burbujas,Pool,4.752840229,-74.05671981,d2g74c
430,0101000020E6100000F9851C2AC18452C01EBC5D7960921240,Bodytech,Gym / Fitness Center,4.642946144,-74.07428983,d2g66m
431,0101000020E61000008B3919FEA08452C01B79ECC637C71240,Parque de las Bicicletas,Park,4.69454871,-74.07232621,d2g6dq
432,0101000020E6100000AF0C31E3DA8452C05EDE51438E641240,Plaza de Bolívar,Plaza,4.59819894,-74.07585983,d2g64m
433,0101000020E6100000411F4AF0998552C0337114B43DF31240,Compensar Suba,Recreation Center,4.737540067,-74.08752067,d2g6fn
434,0101000020E6100000C2741816618252C0E1DE11CFDABF1240,Parque Santa Ana,Park,4.687358127,-74.03717568,d2g6ej
435,0101000020E610000042F8E669158752C06D32E1AB23041340,Parque Fontanar,Park,4.754042326,-74.11068199,d2g719
436,0101000020E6100000D62C6474798352C070E27452ECED1240,Parque La Victoria Norte,Park,4.73234681,-74.054288,d2g6fv
437,0101000020E6100000855DB44E978652C02924C1E227A11240,Club de Agentes Policia Nacional,Gym Pool,4.657378715,-74.10298507,d2g63x
438,0101000020E61000008AA72C1F8B8252C03B6AE34353CB1240,Bogota Wellness Club,Gym,4.698559819,-74.03974132,d2g6ep
439,0101000020E6100000204A544B008452C0DED3B9A19C951240,Bodytech,Gym,4.646105315,-74.06251796,d2g66t
440,0101000020E6100000E038A2A1188252C08055455FFCDA1240,Parque Lisboa,Basketball Court,4.713853348,-74.03275338,d2g6g6
441,0101000020E610000001000044088352C0F174EF0614C31240,Parque República de Francia,Park,4.690506085,-74.04737949,d2g6ej
442,0101000020E6100000FDB889A4218752C06CA3A9AC3B9A1240,Parque Sauzalito,Park,4.650618265,-74.11142839,d2g63w
443,0101000020E610000013E077B23D8452C0C51A32F693EA1240,Bodytech,Gym,4.729080054,-74.06626569,d2g6fs
444,0101000020E61000002213051B2D8452C054A4DFC045CE1240,Parque Córdoba,Playground,4.701437963,-74.06525302,d2g6dx
445,0101000020E6100000E3BD2873F68652C01E0395F370741240,Parque Primavera,Park,4.613712126,-74.1087921,d2g61x
446,0101000020E61000008AC6332AC58652C0E79A46BC2E4C1240,Bosque San Carlos,Park,4.574397032,-74.10578399,d2g618
447,0101000020E6100000DC6A6CEF688852C0DE3C96F2E4A71240,BODYTECH,Gym,4.663959303,-74.13140474,d2g691
448,0101000020E6100000BB9DCD056B8552C0DD3BC791E2A71240,Cento De Alto Rendimiento Federacion Colombiana De Golf,Golf Course,4.663950231,-74.08465715,d2g6d1
449,0101000020E6100000D0529D90EA8952C03F1C904A71691240,Parque Villa Del Río,Park,4.602971234,-74.15494171,d2g60t
450,0101000020E61000000000007A4B8252C08ED09BA9A9CE1240,Parque Multicentro,Dog Run,4.701819086,-74.03585672,d2g6er
451,0101000020E610000000000086F08552C03383774ABED61240,Parque La Serena,Park,4.709710277,-74.09280539,d2g6cc
452,0101000020E6100000D46942581D8352C081030FCDE6D11240,Be 1 Goal For 3 Months,Gym / Fitness Center,4.704981998,-74.04866606,d2g6fb
453,0101000020E61000002BFBC740C88352C0B031B11BF6F31240,Parque 152B,Park,4.738243516,-74.05909748,d2g6fw
454,0101000020E61000009A0B5C1E6B8552C0317C444C89C41240,SmartFit Calle 80,Gym,4.69193,-74.084663,d2g6dn
455,0101000020E6100000FBE00961098452C0059F22A385C31240,Bodytech,Gym,4.690939473,-74.06307245,d2g6dt
456,0101000020E6100000FFFFFF87878352C05C75BF2B82BC1240,Parque Chicó Norte II Sector,Park,4.684090313,-74.05514717,d2g6du
457,0101000020E610000023A337C1308952C03F4FDDE150801240,Parque El Triangulo,Park,4.625308541,-74.14360075,d2g62f
458,0101000020E61000005BB18E38498352C09D8997094DE11240,Bodytech,Gym,4.720020437,-74.05134405,d2g6fg
459,0101000020E61000005DBF60376C8552C0F65CA626C14B1240,Parque San Cristobal,Park,4.573979,-74.08473,d2g640
460,0101000020E6100000FEFFFFB8828452C0A43ECD6D238A1240,Parque Palermo (Gernika),Park,4.634900776,-74.07047868,d2g667
461,0101000020E61000004D5CC1AC818652C08CB23DECEFAE1240,La Grama F6,Soccer Field,4.670837108,-74.10166472,d2g69f
462,0101000020E61000005C3B74762A8552C0E015B537D6A11240,Sede Deportiva De La Federacion Colombia De Futbol,Soccer Field,4.658043738,-74.08071672,d2g66r
463,0101000020E6100000FFFFFF0FCF8652C0E4D87C9A496F1240,Parque de Tibana,Park,4.608679212,-74.10638809,d2g61w
464,0101000020E6100000FFFFFF339A8852C0F33C493587491240,Parque Metropolitano El Tunal,Park,4.571804841,-74.13441181,d2g610
465,0101000020E61000009481C93B828652C0B1620CB84E971240,Bodytech Gran Estación,Gym / Fitness Center,4.647761226,-74.10169882,d2g63y
466,0101000020E6100000D6BA3FA44C8A52C0066532A0619C1240,Pista De Patinaje El Tintal,Skating Rink,4.652716163,-74.16092783,d2g62r
467,0101000020E6100000FFFFFF33628452C00A46C562CE711240,Parque De La Independencia,Park,4.611138862,-74.06849384,d2g64x
468,0101000020E61000009D1BAE5AAA8652C092496F16E1C61240,Bally Gym,Gym,4.694218016,-74.1041476,d2g69w
469,0101000020E6100000C4A5E7D1048352C0FE7D294112BC1240,Spinning Center Calle 100,Gym / Fitness Center,4.683663386,-74.04716919,d2g6eh
470,0101000020E610000015BDF548168552C0945AD38F2CD91240,Calatrava,Scenic Lookout,4.712084052,-74.07948517,d2g6f3
471,0101000020E6100000030000C4A58352C0E05F027B9ED11240,Parque El Batan,Park,4.704706118,-74.05699253,d2g6fb
472,0101000020E6100000347AAC73478452C0A17ED3A177E01240,Parque Iberia,Dog Run,4.71920636,-74.06686107,d2g6fe
473,0101000020E61000003B8EA5BB7D8252C0903FCCC26DC61240,Parque Lineal Los Molinos Santa Barbara Central,Park,4.69377808,-74.03892413,d2g6en
474,0101000020E61000002CBAA1B0438352C0DA88423225031340,Club Plaza 170 Fútbol 5,Soccer Field,4.75307158,-74.05100647,d2g74c
475,0101000020E610000078C3BF01468452C069639F1506E71240,Parque Colina 135,Park,4.725609148,-74.06677288,d2g6fs
476,0101000020E610000042817F43C08352C01BAA99735DCA1240,Parque 35 Alhambra,Park,4.697622114,-74.05860984,d2g6dz
477,0101000020E6100000C2E12BF56D8452C040E3E6D53DA71240,Alcázares,Garden,4.663321821,-74.06921129,d2g6d8
478,0101000020E61000008D28CDE8728752C0A6EFB196C1701240,polideportivo El Jazmin,Playground,4.610113482,-74.11638851,d2g61r
479,0101000020E6100000DB813EBBF08652C085D16DAA0D641240,Bodytech,Gym / Fitness Center,4.597708381,-74.10844308,d2g61s
480,0101000020E610000009A8E38CD08252C01DC199C6D4C41240,Hard Body,Gym,4.692217925,-74.0439789,d2g6en
481,0101000020E6100000FFFFFF33088452C02CF71228069E1240,Parque De Las Flores,Park,4.65432036,-74.06300068,d2g66x
482,0101000020E6100000E4310395F18352C0C44E67DDF5981240,Parque Lourdes,Plaza,4.6493754,-74.06162,d2g66w
483,0101000020E6100000A2F1B7B3C78652C0B2A7FF761AC41240,La Clarita,Park,4.691507205,-74.10593884,d2g69w
484,0101000020E61000007643357D468452C0A90EB0CA03A71240,Bowl Ruinas,Skate Park,4.663100402,-74.06680231,d2g6d8
485,0101000020E6100000FFFFFF87958452C0675600C2B47E1240,Parque La Esmeralda,Park,4.623736411,-74.07162666,d2g663
486,0101000020E610000036E3E19FCB8752C0B1619CCD3CAA1240,Parque del Muro,Park,4.666247571,-74.12180326,d2g693
487,0101000020E610000025C93C9A628752C09D7570FDEC861240,Bodytech Plaza Central,Gym / Fitness Center,4.63176342,-74.11539322,d2g637
488,0101000020E6100000A114ADDC0B8452C05CACA8C1348C1240,Kick5,Soccer Field,4.63692,-74.063224,d2g66s
489,0101000020E6100000B375BF67638752C00DDCA34D31EC1240,Parques de la Ciudadela Colsubsidio,Park,4.730656827,-74.11544222,d2g6cm
490,0101000020E6100000BA91DC08178652C062B804A5AEE11240,Humedal Juan Amarillo,Nature Preserve,4.720392779,-74.09515592,d2g6cg
491,0101000020E6100000C1557640068352C0B7BFDDFF4BC81240,Parque Urbanizacion Santa Barbara,Park,4.695602415,-74.04725658,d2g6en
492,0101000020E6100000DAA1C7E1668752C0895B114DC8371240,Parque Marruecos,Park,4.554475025,-74.11565442,d2g3cm
493,0101000020E610000037E734850B8352C02C809F05ADD11240,Helena del Mar Gym,Gym,4.704761589,-74.04757815,d2g6g0
494,0101000020E610000048E7D9133E8952C0A049B218DCB11240,Parque Principal Fontibón,Park,4.673691164,-74.14441391,d2g68f
495,0101000020E61000000A4AE222DF8352C0C37EF1946F921240,Parque Portugal,Park,4.643003776,-74.06049416,d2g66t
496,0101000020E610000000000054F78352C066EA6D40E4941240,Parque de los Hippies,Park,4.645401961,-74.06197071,d2g66t
497,0101000020E61000008B46DC62278652C04C4C4EA81FEF1240,Parque Aures I,Park,4.733519201,-74.09615394,d2g6cv
498,0101000020E610000001000008F58652C016CC6B9C89BA1240,Parque Villa Luz,Park,4.682165569,-74.10870552,d2g69s
499,0101000020E6100000543A58FFE78252C0143FC6DCB5C41240,Cyglo-108,Cycle Studio,4.6921,-74.04541,d2g6en
500,0101000020E61000005502FF4A428252C04EE1B7BCE1C51240,Edificio ventura,Gym,4.693243932,-74.0352962,d2g6eq
501,0101000020E61000007226F94CB28C52C0C18AF75F888C1240,Parque Atalayas,Park,4.637238979,-74.19838261,d2g4rs
502,0101000020E6100000454772F90F8352C0E1455F419AA91240,Parque de la 85,Park,4.6656275,-74.04785,d2g6e1
503,0101000020E6100000C442B667E18852C0A912FEC7268D1240,Polideportivo Castilla,Recreation Center,4.637843251,-74.13875764,d2g62u
504,0101000020E6100000D6E540D9AF8552C008A550D7839F1240,Parque Virgilio Barco,Park,4.655776371,-74.08885795,d2g66p
505,0101000020E6100000F8DFEFD9BD8552C0DB93FDB6BAA61240,Pista De Patinaje El Salitre,Skate Park,4.662821635,-74.0897126,d2g6d0
506,0101000020E610000024CFBBEA6A8352C02208E09C95AE1240,Tutto Corpo,Gym / Fitness Center,4.670492603,-74.05340069,d2g6df
507,0101000020E610000033535DE93C8552C0EF31BB77FB631240,Parque Tercer Milenio,Park,4.597638961,-74.08184275,d2g64h
508,0101000020E610000077103B53E88452C0988A8D791DD11240,Parque Niza Antigua,Park,4.704214,-74.07668,d2g6f2
509,0101000020E61000002A94A92F4D8452C029201F39DBD11240,Humedal de Córdoba,Lake,4.704937832,-74.06721107,d2g6f8
510,0101000020E6100000B97020240B8452C0395E81E849991240,Plaza Lourdes,Plaza,4.649696,-74.06318,d2g66w
511,0101000020E6100000C1E5B166648A52C01BBB44F5D6601240,polisur canchas sinteticas,Soccer Field,4.59457,-74.162378,d2g60k
512,0101000020E610000068288661E28852C04D3177514BDA1240,Engativa,Plaza,4.713177941,-74.1388172,d2g6bf
513,0101000020E6100000290989B48D8752C074D190F128851240,Supergol C.C. Outlet Factory,Soccer Field,4.630039,-74.118024,d2g636
514,0101000020E6100000F4D3390D048652C03A982900F6C41240,Humedal Santa Maria del Lago,Lake,4.692344668,-74.09399729,d2g69y
515,0101000020E6100000A2C040C1248652C051D50D61B4941240,Plaza de los Héroes Caídos,Plaza,4.645219342,-74.09599334,d2g63v
516,0101000020E6100000070C923EAD8452C03A7AFCDEA6BF1240,Fitforall,Gym / Fitness Center,4.68716,-74.073074,d2g6dm
517,0101000020E6100000333019D1D18352C0F182F76DB8971240,Salón de Pesas del Body,Gym,4.64816448,-74.0596812,d2g66w
518,0101000020E6100000A85A28AA758452C022C6079D1E921240,Parque Público Lleras Banco Central,Park,4.642694906,-74.06968168,d2g66t
519,0101000020E610000013C40E5F898352C0F6C423A131901240,Quebrada La Delicia,Trail,4.640814321,-74.05525948,d2g66u
520,0101000020E61000002AF6300DDB8352C01DFDDCFA88941240,Parque la Salle,Park,4.645053787,-74.06024484,d2g66t
521,0101000020E6100000FCFA3864A78752C0827B93EAFBCA1240,Parque Los Angeles,Park,4.698226609,-74.11959177,d2g69r
522,0101000020E61000006AB609DD0E8352C06C079D2365C61240,Hammer Gym,Gym / Fitness Center,4.69374519,-74.04778219,d2g6en
523,0101000020E6100000A4EBAC2F578752C021FE0A87708C1240,Canchas De Futbol 8 GD,Soccer Field,4.637148008,-74.11469643,d2g63k
524,0101000020E610000057772CB6498552C0E6CC76853EB81240,Smart Fit Metrópolis,Gym,4.679926,-74.082624,d2g6d5
525,0101000020E6100000168ADE822F8352C057ABD90CA8CB1240,Ciclovía 116 con Av. 19,Trail,4.698883248,-74.04977485,d2g6dz
526,0101000020E6100000FFFFFF653F8452C00EB031EFFE701240,Parque Bosque Izquierdo,Dog Run,4.610347497,-74.06636953,d2g64x
527,0101000020E6100000FE386CE7CD8652C01CCA55670BA81240,Canchas de Futbol de Don Bosco,Soccer Field,4.664106001,-74.10631738,d2g699
528,0101000020E6100000AA9CF6949C8552C0D87F9D9B36F31240,Gimnasio Compensar,Gymnastics Gym,4.737513,-74.087682,d2g6fn
529,0101000020E61000005A138AA6CF8752C074EB9E0535E31240,5 site futbol,Soccer Field,4.72188195,-74.12204898,d2g6c7
530,0101000020E6100000FDA6B22CE48652C0F6B9DF96A0C91240,Parque Zarzamora,Park,4.696901662,-74.10767667,d2g69x
531,0101000020E610000048D2264D3D8852C03D2812B10B7E1240,Parque La Igualdad,Soccer Field,4.623091475,-74.12874154,d2g631
532,0101000020E61000001CFE261F758352C01F33EF9096941240,Cerros Orientales,Trail,4.645105614,-74.05402354,d2g66v
533,0101000020E6100000FCFFFF49A88252C0C17FCBDFD9B51240,Parque Público La Reserva,Park,4.677588937,-74.04152155,d2g6e5
534,0101000020E6100000F4A9747AFD8252C04F3C01FFB1DF1240,Fit For All Cedritos,Gym / Fitness Center,4.718452439,-74.04672109,d2g6g4
535,0101000020E6100000ED4F505CA78B52C0A0F5E95E9F811240,SKY Gym,Gym,4.626584514,-74.18208988,d2g4rf
536,0101000020E61000003FE3B116418352C0642C1987DFC21240,Be Smart Fitness LAB Chico Navarra,Gymnastics Gym,4.690305816,-74.0508477,d2g6dv
537,0101000020E61000000A850838848752C051F4C0C760851240,Fitness24Seven,Gym / Fitness Center,4.630252,-74.117445,d2g636
538,0101000020E6100000213A048E048752C07863416150961240,Athletic Gym Salitre,Gym / Fitness Center,4.646791,-74.109653,d2g63t
539,0101000020E61000009169869A518452C0BF873A95649D1240,Totally In Shape Gym,Gym,4.653704006,-74.06748069,d2g66x
540,0101000020E6100000A88F59178B8652C022BB27BDBA551240,Parque del Restrepo,Park,4.583720165,-74.10223945,d2g61f
541,0101000020E6100000443D7140FC8452C0C771F7CC4F8D1240,El Parque De Belarcazar,Park,4.637999728,-74.07789622,d2g66k
542,0101000020E6100000FDFFFF51638352C001C2A301CE9A1240,Parque Gustavo Uribe Botero,Park,4.651176477,-74.05293703,d2g66y
543,0101000020E6100000BD09E83F1F8352C0ADC28831319A1240,homenaje humedal cordoba,Trail,4.650578283,-74.04878233,d2g66y
544,0101000020E610000087B25E434E8752C0635A83D01A081240,Yomaza,Park,4.507914789,-74.1141518,d2g39k
545,0101000020E610000061B444C2428B52C0699A2F5530951240,Parque Bella Vista,Park,4.645692187,-74.17594964,d2g62j
546,0101000020E6100000C58D5BCCCF8352C0ECC1A4F8F8941240,Parque Francia,Park,4.645481,-74.059558,d2g66t
547,0101000020E610000080822EF67F8352C0B3353AABCBAD1240,Smart Fit 85,Gym / Fitness Center,4.669722248,-74.05468516,d2g6df
548,0101000020E6100000760F9281818652C0548EA927DC971240,Plaza de los Alfiles,Plaza,4.648300762,-74.10165443,d2g63y
549,0101000020E6100000D008A5F35C8252C07A7C95439AB21240,La Paloma,Scenic Lookout,4.674416595,-74.03692332,d2g6e4
550,0101000020E6100000659857B7258452C05949934401F01240,Decathlon,Sporting Goods Shop,4.734379837,-74.06480201,d2g6ft
551,0101000020E610000027E1E4B1458452C0D07182738EED1240,H&M,Clothing Store,4.731988721,-74.06675384,d2g6ft
552,0101000020E6100000D1E25DDC3D8452C0A5797F645EEF1240,Falabella,Department Store,4.733758517,-74.06627568,d2g6ft
553,0101000020E6100000334C0EDB658352C07EC8EC37B7AA1240,Centro Comercial Andino,Shopping Mall,4.666714548,-74.05309178,d2g6dc
554,0101000020E6100000DF0A116B928452C082FEE46987901240,Farmatodo,Pharmacy,4.641141562,-74.07143666,d2g66k
555,0101000020E6100000030000583E8452C03C1AFE0A43EE1240,Centro Comercial Parque La Colina,Shopping Mall,4.732677624,-74.06630516,d2g6ft
556,0101000020E610000002000012638752C012CF57E50C871240,Plaza Central Centro Comercial,Shopping Mall,4.631885131,-74.11542177,d2g637
557,0101000020E610000043C51CD8A98252C0C0ECFB6FF6CE1240,Unicentro,Shopping Mall,4.702111959,-74.04161647,d2g6ep
558,0101000020E61000008963E21B678552C0A7A3B43AF2761240,Plaza de Mercado de Paloquemao,Farmers Market,4.616158407,-74.08441827,d2g660
559,0101000020E6100000D10AAD78318652C01F743957238C1240,D1,Big Box Store,4.636853564,-74.09676949,d2g63u
560,0101000020E6100000064226E1738352C0F24DFD2DF1A91240,Centro Comercial El Retiro,Shopping Mall,4.66595909,-74.05394772,d2g6dc
561,0101000020E6100000FFFF208C128852C092753D64F29B1240,H&M,Clothing Store,4.652291838,-74.12613204,d2g63n
562,0101000020E61000004D474F9F0F8752C04096B42742AA1240,PriceSmart Bogotá,Big Box Store,4.666267987,-74.11032851,d2g699
563,0101000020E61000007EAB431A3B8452C0E967CF665A771240,Plaza de Mercado La Perseverancia,Farmers Market,4.616555792,-74.06610734,d2g668
564,0101000020E6100000002A5AFADE8152C0DD60E1DF6AE91240,D1 calle 147,Supermarket,4.727946756,-74.02923449,d2g6gk
565,0101000020E61000006D0F9FF2BF8252C08C2F43CC9BEE1240,Carulla,Supermarket,4.733016197,-74.04296556,d2g6gj
566,0101000020E6100000368E691C038852C0B4A5B81DE79C1240,Falabella,Department Store,4.653225388,-74.12518988,d2g63p
567,0101000020E6100000427B64F7088852C01759F48042B01240,Farmatodo,Pharmacy,4.672128692,-74.12554726,d2g694
568,0101000020E6100000E4BCFF8F138852C06956B60F799B1240,Multiplaza,Shopping Mall,4.651829,-74.126194,d2g63n
569,0101000020E61000004CCDA54A838652C065B30F08EA961240,Centro Comercial Gran Estación,Shopping Mall,4.647377134,-74.1017634,d2g63y
570,0101000020E6100000E2AE5E45468352C00CE6AF90B9C21240,Farmatodo,Pharmacy,4.690161,-74.051164,d2g6dv
571,0101000020E61000003B8EF0B6858652C05AD0FAE8C6931240,Farmatodo,Pharmacy,4.644313469,-74.10191129,d2g63v
572,0101000020E6100000AE528878718252C0B1F6E562CCC31240,Carulla Santa Ana,Supermarket,4.691209359,-74.03817571,d2g6en
573,0101000020E610000046E4A86E4D8352C073D2DF771EC01240,Carulla,Supermarket,4.687616227,-74.05160109,d2g6dv
574,0101000020E610000096796D5F808352C00DA9BF849BCC1240,Carulla,Supermarket,4.699812006,-74.05471025,d2g6dz
575,0101000020E6100000203808CCF48352C04FBAB69365A51240,Agrocampo,Pet Store,4.661520298,-74.06181622,d2g6d8
576,0101000020E6100000878979A5488252C0A1895FACA6E01240,Carulla,Supermarket,4.719385808,-74.03568398,d2g6g7
577,0101000020E6100000E30CEE05338352C08FE4FA64D3B81240,Farmatodo,Pharmacy,4.680493906,-74.04998921,d2g6du
578,0101000020E610000056C587CEA78152C0E3C7C07D39071340,Codabas Norte,Food & Drink Shop,4.757055249,-74.02586711,d2g759
579,0101000020E610000051DE7CC1D38352C0222BDE24F79E1240,Carulla Quinta Camacho,Food & Drink Shop,4.655239655,-74.05979955,d2g66x
580,0101000020E61000005421B750188852C0E7429BECA79B1240,Dollar City,Discount Store,4.652007768,-74.12648409,d2g63n
581,0101000020E6100000D868C269348352C06ECAA798BBAA1240,Carulla,Supermarket,4.666731248,-74.05007404,d2g6dc
582,0101000020E610000066F86EC2C88252C0A75AC359C5C81240,Carulla,Supermarket,4.696065333,-74.04350339,d2g6en
583,0101000020E6100000EC88F3BD238452C08F99877D72F61240,Carulla,Supermarket,4.740671121,-74.06468152,d2g6fx
584,0101000020E6100000EF80FCB6F18252C0BC02D19332D11240,Farmatodo,Pharmacy,4.7042945,-74.0460031,d2g6g0
585,0101000020E610000080669B6BF58252C0CD0343227B0C1340,Santafé Mi Mundo,Shopping Mall,4.762188468,-74.04622927,d2g754
586,0101000020E610000012F97940428352C084F1C44D24D21240,Carulla,Supermarket,4.705216613,-74.05091869,d2g6fb
587,0101000020E6100000B1A464866E8352C03C6B35064F9E1240,Carulla,Supermarket,4.654598329,-74.05362091,d2g66z
588,0101000020E6100000226876C4988652C09650FA28868D1240,Colsubsidio Supermercado Salitre,Market,4.638207093,-74.10307418,d2g63s
589,0101000020E6100000FD0E1B404A8652C0A0AF4E62ED891240,Fruvar,Market,4.634694611,-74.09828189,d2g63g
590,0101000020E6100000CA8CEF77D88252C0A21CFFDBEF041340,Diagnostiyá,Auto Garage,4.754821241,-74.04446219,d2g751
591,0101000020E6100000EDB94C78248452C0E9B1BB69D0911240,OXXO Chapinero,Supermarket,4.642396595,-74.06472595,d2g66t
592,0101000020E610000071EA729FA78352C0BAC86FEA90CB1240,Carulla,Supermarket,4.698794997,-74.05710589,d2g6dz
593,0101000020E61000008D6E6EADF18252C00CA8774513E51240,Panamericana,Bookstore,4.723706327,-74.04600082,d2g6g5
594,0101000020E610000047D15C25AD8452C0BE47F5D593D81240,Carulla Niza,Food & Drink Shop,4.711501449,-74.07306799,d2g6f3
595,0101000020E61000000ECEF103BA8452C0511D735C3D911240,Panamericana,Paper / Office Supplies Store,4.641835637,-74.07385348,d2g66m
596,0101000020E6100000FA9E4A387F8352C0616783CD1A041340,Carulla,Food & Drink Shop,4.754008495,-74.05463989,d2g74c
597,0101000020E61000003A573F057F8452C006A6188B12A11240,Las Plazas De Mercado Siete De Agosto,Market,4.6572973,-74.07025272,d2g66r
598,0101000020E6100000134144742F8452C08018482080891240,Carulla,Food & Drink Shop,4.634277825,-74.06539637,d2g66e
599,0101000020E610000050177567868552C0F6FC02C594C71240,Titán Plaza,Shopping Mall,4.694903448,-74.08632838,d2g6dn
600,0101000020E6100000B92F27754B8752C00D0CAF3E41881240,Falabella,Department Store,4.633061389,-74.11398057,d2g637
601,0101000020E6100000595D26717A8552C05492F74090771240,La 14,Department Store,4.616761222,-74.08559827,d2g660
602,0101000020E6100000853CF2D2618252C0ADE3CEBB32C31240,Tiendas Jumbo Santa Ana,Grocery Store,4.690623221,-74.0372207,d2g6ej
603,0101000020E61000007FC9B252D98352C05B3EB304BAE71240,Carulla,Supermarket,4.726295541,-74.06013935,d2g6fs
604,0101000020E6100000B84519D5358452C08A654EFE2B011340,Farmatodo,Pharmacy,4.751144384,-74.06578567,d2g748
605,0101000020E610000054DEAEAFA48052C0DDB7C5660DA61240,Carulla,Supermarket,4.662160497,-74.01005165,d2g6eb
606,0101000020E610000009BD1DAF368352C05CA6F56B07CB1240,Home Sentry,Department Store,4.698270499,-74.05021265,d2g6dz
607,0101000020E61000003557683A188252C045F4F93DCEDE1240,Locatel,Drugstore,4.717583626,-74.03272877,d2g6g6
608,0101000020E6100000555605A9178252C086BA8A79ECEB1240,Homecenter y Constructor Cedritos,Furniture / Home Store,4.730394267,-74.03269411,d2g6gm
609,0101000020E61000001F28B7DCC08252C034DAD130ACCE1240,K Tronix Unicentro,Big Box Store,4.70182873,-74.04302137,d2g6ep
610,0101000020E6100000C9E5C4C8EC8352C0C964D9261AA31240,Panamericana,Bookstore,4.659279449,-74.06132716,d2g6d8
611,0101000020E61000005D22D58E398452C09122AB5AAD8C1240,Fundacion Oftalmologica Nacional (FUNDONAL),Optical Shop,4.637380044,-74.06601306,d2g66s
612,0101000020E6100000083E544BF08252C035B6C4A3FF0B1340,Librería Nacional- Santafé Mi Mundo - Bogotá,Bookstore,4.761717376,-74.0459164,d2g754
613,0101000020E610000016348DABDA8152C0B19ADE6AE0EE1240,Supermercados Comunal de Colombia,Supermarket,4.73327796,-74.02897157,d2g6gm
614,0101000020E61000001A019E5C6B8352C02852C2D409D81240,Home Sentry,Department Store,4.710975003,-74.05342784,d2g6fc
615,0101000020E6100000424ADB0E988352C0AC4768A20DA51240,Carulla,Grocery Store,4.661184824,-74.05615589,d2g6db
616,0101000020E6100000D1603BB8048352C0F1AEFBFA4B0C1340,Falabella,Department Store,4.762008592,-74.04716306,d2g754
617,0101000020E610000002F6C82FF68452C0AFE3760AB87D1240,Colsubsidio,Market,4.622772373,-74.07752604,d2g663
618,0101000020E61000005EB9785CD78352C0982FF0B087971240,Carulla,Supermarket,4.647978558,-74.06001961,d2g66w
619,0101000020E61000000E223F27808552C0E9FE3ADFF7C61240,Falabella,Department Store,4.694304932,-74.08594686,d2g6dn
620,0101000020E61000009106EFB3D98252C067DF4273F2CD1240,Country & Can,Pet Store,4.701120187,-74.04453753,d2g6ep
621,0101000020E6100000BE5ED50D968552C034B08E3872981240,Carulla Pablo VI,Grocery Store,4.648873218,-74.08728357,d2g66n
622,0101000020E6100000020000C8818552C0A4EDF1A624791240,Centro Comercial Calima,Shopping Mall,4.618303879,-74.08604622,d2g660
623,0101000020E61000005BA965B8FD8452C0D18F6E671FBD1240,Tugó,Furniture / Home Store,4.684690109,-74.07798586,d2g6dk
624,0101000020E6100000212FDBACD88452C0CC237EF2D3911240,Carulla,Grocery Store,4.642410077,-74.07572481,d2g66m
625,0101000020E610000070F63EE7908352C0AC183666EFAD1240,Carulla,Supermarket,4.669858548,-74.0557192,d2g6df
626,0101000020E6100000CCB9D6AF268352C074BE021E48C71240,Gastronomy Market,Organic Grocery,4.694611043,-74.04923626,d2g6dy
627,0101000020E610000054573ECBF38652C00A021A5BBE9C1240,Farmatodo,Pharmacy,4.6530699,-74.10863,d2g63x
628,0101000020E61000003E9EB172028452C00A8636568AB31240,Carulla,Supermarket,4.6753324,-74.06264942,d2g6de
629,0101000020E610000056048E91E58352C019AD735C52981240,Tienda D1,Market,4.648751683,-74.06088675,d2g66w
630,0101000020E6100000435D7519E08652C084B5E39CA4AF1240,Farmatodo,Pharmacy,4.671526386,-74.10742794,d2g69d
631,0101000020E61000000000003CC38452C0381D672C28AD1240,Plaza 12 de Octubre,Farmers Market,4.669098562,-74.07441616,d2g6d3
632,0101000020E6100000B85866D82B8352C047DF768C32111340,C. C. San pedro plaza,Shopping Mall,4.76679439,-74.04955111,d2g74g
633,0101000020E6100000967CA380C18652C0C2E876A4D39E1240,Ktronix,Electronics Store,4.655104227,-74.10556045,d2g63x
634,0101000020E61000009205E6E1FF8252C046BE415B400C1340,Fedco Santa Fe,Cosmetics Shop,4.76196425,-74.04686782,d2g754
635,0101000020E6100000B2140C82398252C0560A1A780CE81240,Oxxo Cll 147,Grocery Store,4.726610066,-74.03476001,d2g6gk
636,0101000020E61000005E32D8D8E68352C061347C3FF1E71240,Colina 138,Shopping Mall,4.726506226,-74.06096479,d2g6fs
637,0101000020E6100000572FD271508A52C03D49F23A8F871240,Corabastos S.A.,Farmers Market,4.632382318,-74.16115995,d2g627
638,0101000020E6100000F03AEC34F18352C0A94F6FEB4A941240,On The Run,Convenience Store,4.644817046,-74.06159709,d2g66t
639,0101000020E61000004C463A69B18252C0E05F137C13CE1240,Falabella,Department Store,4.701246203,-74.04207831,d2g6ep
640,0101000020E61000001C105289088452C00ED36FCE11C41240,Carulla Pasadena,Supermarket,4.691474176,-74.06302102,d2g6dw
641,0101000020E6100000DEC7D11C598352C0213B6F63B3D31240,Droguería Cruz Verde,Drugstore,4.706739,-74.052314,d2g6fb
642,0101000020E610000096BBEF0B408252C0FA1C8AC51EE81240,Carulla Express,Convenience Store,4.726679884,-74.0351591,d2g6gk
643,0101000020E610000043EC2C60FA8252C0E9DCF69467E41240,Farmatodo,Pharmacy,4.723051384,-74.04653172,d2g6g5
644,0101000020E610000017838769DF8152C0D26F5F07CEF91240,Tiendas D1,Convenience Store,4.74395,-74.029261,d2g6gr
645,0101000020E610000099461C01258452C018D3C6C745F41240,Centro Comercial Colina Plaza,Shopping Mall,4.738547441,-74.06475857,d2g6fw
646,0101000020E610000051639C4E468452C013E5BC3502E71240,Portoalegre,Shopping Mall,4.725594368,-74.0667912,d2g6fs
647,0101000020E6100000AA1496D3798652C0E02582829C691240,Farmatodo,Pharmacy,4.6031361,-74.1011857,d2g61v
648,0101000020E61000001C0F9B25C08752C03AA0D6F9FBE61240,Carulla Cortijo,Food & Drink Shop,4.725570587,-74.12110272,d2g6ck
649,0101000020E6100000F8A57EDE548352C06B97DB6223E51240,D1 - Cll 138,Grocery Store,4.7237678,-74.052055,d2g6fg
650,0101000020E61000008DFB53C5288752C06BF262ECA5D71240,Centro Comercial Portal 80,Shopping Mall,4.710593885,-74.11186345,d2g6c9
651,0101000020E6100000C42D2E6BDE8152C09427732ED8DD1240,Carulla Belmira,Grocery Store,4.716644979,-74.02920036,d2g6g6
652,0101000020E610000072416054288552C07AC9DFEF4ABC1240,Éxito,Supermarket,4.683879612,-74.08058652,d2g6dk
653,0101000020E6100000AC8C2148EE8752C0CAD1A103C4841240,Éxito,Supermarket,4.629653985,-74.12391856,d2g636
654,0101000020E6100000AA38DE1F5E8452C05AE64B8600EB1240,Mall 138,Shopping Mall,4.729494189,-74.0682449,d2g6fs
655,0101000020E6100000CF71C26CD78252C035A8DA6820B81240,Olímpica Chicó,Department Store,4.679811133,-74.04439849,d2g6e5
656,0101000020E6100000030000409C8952C04C8CAAA97A7A1240,Olímpica Kennedy,Department Store,4.619608546,-74.15016174,d2g628
657,0101000020E610000036A4F2AF148552C0E5865BD03D691240,San Victorino,Shopping Mall,4.602774864,-74.07938765,d2g64m
658,0101000020E6100000E9F2236E868652C06A105CB17B971240,Éxito,Supermarket,4.647932788,-74.10195497,d2g63y
659,0101000020E6100000E1DF6713368452C018852E0BE48E1240,Éxito,Department Store,4.639541793,-74.06580053,d2g66s
660,0101000020E6100000FD4DEF4D608752C0E82E1C6A96CD1240,Diver Plaza,Shopping Mall,4.700769098,-74.11525296,d2g69r
661,0101000020E6100000E232856AE08952C06C5926D0757E1240,Éxito,Department Store,4.623496296,-74.15432227,d2g629
662,0101000020E6100000B8F4764F5C8552C084CD54B434C41240,Tiendas Jumbo Calle 80,Department Store,4.691607301,-74.08375918,d2g6dn
663,0101000020E61000004CC226BD458452C071BB7ED10AE71240,Olímpica Colina Campestre,Department Store,4.725627206,-74.06675652,d2g6fs
664,0101000020E6100000020000A4C48452C04845A25EEF911240,Galerías,Shopping Mall,4.642514685,-74.07450199,d2g66m
665,0101000020E6100000BCAE5FB01B8252C05962AFC10CE71240,Tienda D1,Supermarket,4.7256346,-74.03294,d2g6gk
666,0101000020E61000008369183E228452C011C1DDFE01931240,Dollarcity,Discount Store,4.6435623,-74.06459,d2g66t
667,0101000020E6100000594C6C3EAE8452C020E230E24CDD1240,Tiendas D1,Market,4.7161136,-74.073135,d2g6f6
668,0101000020E6100000634825CAE58452C02DD6AE0F626C1240,Electrodomésticos Hiperofertas,Electronics Store,4.605842824,-74.07652525,d2g64q
669,0101000020E610000047282F75BB8452C0E703B16658921240,Florian Perfume Bar - Plaza 54,Perfume Shop,4.642915349,-74.07394151,d2g66m
670,0101000020E6100000FEFFFF73C18A52C01FA6D36A21861240,Metro Milenio Plaza,Grocery Store,4.630986852,-74.16805744,d2g627
671,0101000020E61000002DB29DEFA78452C0AFF7D15F9E941240,Tienda D1,Food & Drink Shop,4.6451354,-74.07275,d2g66m
672,0101000020E6100000683D7C99288352C06A6CAF05BD071340,Frutiverduras Camacho,Fruit & Vegetable Store,4.757557,-74.049353,d2g74f
673,0101000020E6100000225514AFB28352C01844A4A65DAC1240,Tiendas D1,Supermarket,4.668326,-74.057781,d2g6dc
674,0101000020E610000047684CD15C8352C09094019C43DF1240,Listodo - Centro Ceramico,Department Store,4.718031347,-74.05254014,d2g6ff
675,0101000020E610000064062AE3DF8352C071A47DBD0C901240,Librería Casa Santo & Seña,Bookstore,4.6406736,-74.06054,d2g66s
676,0101000020E6100000243B8D70FC8552C0DA8A33CCFF471240,Plaza de Mercado 20 de Julio,Food & Drink Shop,4.570311728,-74.09353269,d2g3cz
677,0101000020E6100000BFA2B895168552C049DE02ECD2611240,Papeles R Y R.,Business Service,4.595531166,-74.07950347,d2g64k
678,0101000020E61000000300004CC38352C0FBED519660A81240,Compuware,Electronics Store,4.664430951,-74.05879498,d2g6dc
679,0101000020E610000039B054E5568352C00D10390C67E11240,Fiotti,Furniture / Home Store,4.720119658,-74.0521787,d2g6fg
680,0101000020E610000045F0BF95EC8252C0AE75F39E14E71240,Justo Y Bueno,Grocery Store,4.7256646,-74.04569,d2g6gh
681,0101000020E610000080F382CF3F8652C01E77E824F1ED1240,Lagos de suba,Auto Garage,4.732365205,-74.09764469,d2g6cv
682,0101000020E610000002008001F88252C0369B09B6F4C11240,Rosas En Casa,Flower Shop,4.689410061,-74.04638708,d2g6ej
683,0101000020E6100000FC8C0B07428452C01BBE8575E3ED1240,Casa Ideas Parque La Colina,Furniture / Home Store,4.732313,-74.06653,d2g6ft
684,0101000020E6100000B45BCB64388452C0DAFF006BD5EE1240,Stradivarius,Women's Store,4.733236,-74.065942,d2g6ft
685,0101000020E610000013B7246BBA8252C0E3865EF2E2BA1240,Notaria 10,Notary,4.682506358,-74.04262808,d2g6eh
686,0101000020E61000005CB766EBFD8352C0BEB1DCD864E51240,Súper Wow Nail Art Printer Colina,Cosmetics Shop,4.724017514,-74.06237302,d2g6fe
687,0101000020E6100000B2F677B6478652C084674293C4B21240,D1 Av rojas,Market,4.674578,-74.098127,d2g69f
688,0101000020E610000011E2CAD93B8252C030293E3E21DB1240,Quesos Y Quesos,Cheese Shop,4.713994,-74.034903,d2g6g6
689,0101000020E6100000B874CC79C68352C0698EACFC32A81240,Chikytech Local 1-1 10,Mobile Phone Shop,4.664257,-74.058989,d2g6d9
690,0101000020E6100000AFB14B546F8552C0AC2AEA82B0C91240,Ara,Market,4.6969624,-74.08492,d2g6dp
691,0101000020E610000089E867E58C8452C0325AE30A52D21240,Éxito Super,Supermarket,4.705391092,-74.07109962,d2g6f2
692,0101000020E610000078CF061F418552C0DB17700CC6B81240,Metrópolis,Shopping Mall,4.680442995,-74.08209968,d2g6dh
693,0101000020E6100000ACC432BEB98852C00173D775EFA91240,Trébolis Centro Comercial,Shopping Mall,4.665952531,-74.13633685,d2g68c
694,0101000020E610000054BE3E48DC8252C0C7CC86A3DC041340,Éxito,Supermarket,4.75474792,-74.04469496,d2g751
695,0101000020E610000020E394F5388652C037505AAEDFFD1240,Éxito,Supermarket,4.747923588,-74.09722652,d2g71b
696,0101000020E610000003000040CC8652C0032F7C6550AF1240,Olímpica Normandía,Department Store,4.671205126,-74.10621643,d2g69d
697,0101000020E61000009E37BFD5FA8852C0F4648E12338F1240,Zapatoca Castilla,Supermarket,4.639843264,-74.14030975,d2g62u
698,0101000020E6100000375C16807E8352C01AFEE24314F11240,Colsubsidio,Supermarket,4.735428868,-74.05459597,d2g6fy
699,0101000020E610000002E668D3848252C09DE6B26DB9E11240,Centro Comercial Cedritos Plaza 140,Shopping Mall,4.720433916,-74.03935704,d2g6g5
700,0101000020E61000003FD175E9448852C0C0492104F64F1240,Ciudad Tunal,Shopping Mall,4.578086915,-74.12920605,d2g611
701,0101000020E6100000C5C9FD0E458852C0734A404CC2951240,El Edén Centro Comercial,Shopping Mall,4.646249,-74.129215,d2g63j
702,0101000020E6100000184CBA2C1E8452C0E3C428A968C01240,Iserra 100,Shopping Mall,4.687899249,-74.06434172,d2g6dt
703,0101000020E6100000320C03105C8652C0818CFD6A8E571240,Barrio Restrepo,Clothing Store,4.585504219,-74.09936905,d2g61f
704,0101000020E61000002289E359C38452C04F35503321BF1240,Éxito,Department Store,4.686650087,-74.07442329,d2g6dm
705,0101000020E6100000CED2E3DBE78552C0E4FEDF1FA7FA1240,Fiesta suba,Food & Drink Shop,4.744778154,-74.09227655,d2g6cz
706,0101000020E61000003F2E4994BA8452C025C2D65A30921240,Centro Comercial Plaza54,Shopping Mall,4.642762584,-74.07388789,d2g66m
707,0101000020E6100000E973F6A4008652C0CCAF635C90871240,Éxito Express,Grocery Store,4.632386631,-74.09378933,d2g63g
708,0101000020E61000004C97674C4D8352C03AB8F04DA2CB1240,Claro CAV,Mobile Phone Shop,4.69886133,-74.05159292,d2g6dz
709,0101000020E61000003352BFEDAA8452C0B027AE41F1DB1240,Claro CAC Niza,Mobile Phone Shop,4.714787508,-74.07293266,d2g6f6
710,0101000020E6100000266BE821E98252C0114D012375E41240,Claro CAV Cedritos,Electronics Store,4.723103091,-74.04547928,d2g6g5
711,0101000020E61000003A5C20F6208A52C09AA267872E951240,Éxito Tintal,Department Store,4.645685306,-74.15826181,d2g62m
712,0101000020E61000005B447ED1F98252C0A0693547ADB61240,Claro,Mobile Phone Shop,4.678395379,-74.0464977,d2g6e5
713,0101000020E6100000DB63E663628652C053620FF48C931240,Grand Hyatt Bogotá,Hotel,4.644092382,-74.09975526,d2g63v
714,0101000020E6100000CB015C733A8252C08B236A003AC71240,Ciclovía,Bike Rental / Bike Share,4.694557196,-74.03481754,d2g6eq
715,0101000020E610000001000071B98652C0858146005F911240,Radisson AR Hotel Bogotá Airport,Hotel,4.641963963,-74.10506845,d2g63t
716,0101000020E6100000B75D68AED38552C05A46EA3D95831240,Hilton,Hotel,4.628499,-74.091045,d2g664
717,0101000020E61000009E30F2CDC98252C0020A2F0E75D11240,Hotel Estelar La Fontana,Hotel,4.704548093,-74.04356717,d2g6g0
718,0101000020E61000002996306A458252C04E715CEDA7C41240,Hotel NH Collection Bogotá Teleport Royal,Hotel,4.692046841,-74.03548674,d2g6eq
719,0101000020E610000062E5A8D4118352C016DD7CB4A1B21240,Hotel Estelar Parque de la 93,Hotel,4.674444981,-74.0479633,d2g6df
720,0101000020E61000004B40BC100C8252C0E98250D05DC81240,Hampton Inn by Hilton,Hotel,4.695670371,-74.03198641,d2g6eq
721,0101000020E6100000020000FA3C8952C0A6F3CA1878CA1240,Sala VIP Diamond (Terminal T1 - Nacional),Airport Lounge,4.697723758,-74.14434671,d2g68z
722,0101000020E6100000B7D5820B448652C03EC7962EBD8E1240,Hotel TRYP Bogotá Embajada,Hotel,4.639393547,-74.09790314,d2g63u
723,0101000020E610000018D682BBB68352C07B55F45A63991240,The Grace,Hotel,4.649793073,-74.0580281,d2g66y
724,0101000020E6100000C29EBFCFFF8252C0DC118CE9C5C01240,Hotel Dann Carlton,Hotel,4.688254975,-74.0468635,d2g6ej
725,0101000020E6100000427E912B508752C09E17DD30C0AC1240,Hampton by Hilton,Hotel,4.6687019,-74.1142682,d2g693
726,0101000020E61000000400009E518552C01D771DA0D6841240,Hotel NH Bogotá Urban 26 Royal,Hotel,4.629724981,-74.08310652,d2g664
727,0101000020E6100000EB08286E3D8352C0CA340F2AD4A91240,Hotel Bioxury,Bed & Breakfast,4.665848405,-74.05062441,d2g6dc
728,0101000020E610000055F75932378352C00D4C04CED2B41240,93 Luxury Suites & Residences,Hotel,4.676585406,-74.05024394,d2g6dg
729,0101000020E6100000A1D79DE8958252C0F50CB3BA09B91240,Hotel NH Collection Bogotá WTC Royal,Hotel,4.680701177,-74.0403997,d2g6eh
730,0101000020E6100000F57EF04E098252C0DC718E843ACA1240,TRYP Usaquén Bogotá,Hotel,4.697488853,-74.03181814,d2g6er
731,0101000020E61000005C667FFB028952C06222BD5496CA1240,Aeropuerto Internacional El Dorado (BOG) (Aeropuerto Internacional El Dorado),Airport,4.697839092,-74.14080703,d2g68z
732,0101000020E6100000691AEF2AF68252C07841D692F9B81240,DoubleTree by Hilton,Hotel,4.680639548,-74.04627488,d2g6eh
733,0101000020E61000001FB71A19F98352C010A69C1BAF851240,Viaggio Urbano,Hotel,4.630550796,-74.06207874,d2g66d
734,0101000020E6100000AF057FA5248452C036C96241AB8D1240,Ciclovía,Bike Rental / Bike Share,4.6383486,-74.06473672,d2g66s
735,0101000020E61000000000C02F0B8952C06C2B2937DCCB1240,Sala VIP Avianca Silver & Gold,Airport Lounge,4.699082243,-74.14130777,d2g68z
736,0101000020E6100000E02A23B7D18252C0D055B6347BC91240,Ciclovía,Bike Rental / Bike Share,4.696759056,-74.04405001,d2g6ep
737,0101000020E61000009D685721E58352C024986A662DA51240,Selina Chapinero,Hostel,4.661306,-74.06086,d2g6d8
738,0101000020E61000001B39AD9C448652C027B5445FBA8D1240,Hotel Wyndham Art Bogota,Hotel,4.638406266,-74.09793775,d2g63u
739,0101000020E6100000BB7F2C44878752C0A2EC2DE57CB11240,Hilton Garden Inn,Hotel,4.673328,-74.117631,d2g696
740,0101000020E61000001A53E86A698352C0CE2C9A46A7A71240,BH El Retiro Hotel,Hotel,4.663724044,-74.05330918,d2g6dc
741,0101000020E61000009D253C1CC08252C0E6F0954A9AD11240,Hotel Condominio Plenitud - Travelers Apartamentos y Suites,Hotel,4.704690137,-74.04297548,d2g6g0
742,0101000020E61000008275D8AD758352C044283D850EBF1240,Hotel NH Collection Bogotá Terra 100 Royal,Hotel,4.686578829,-74.05405756,d2g6dv
743,0101000020E6100000804BC7469E8452C0F1C8EA91C15F1240,Alegria's Hostel,Hostel,4.593511848,-74.07216043,d2g64k
744,0101000020E610000029BC86A5168352C0D6AAE1DF2ABE1240,Hotel Andes Plaza,Hotel,4.685710428,-74.04825724,d2g6dv
745,0101000020E6100000F713EF01F68552C0F2B1559592861240,Hotel Splendor,Hotel,4.631418546,-74.09314011,d2g63g
746,0101000020E610000075F6DF94038352C0F6BDE1992BB61240,Holiday Inn Express,Hotel,4.6779007,-74.0470936,d2g6e5
747,0101000020E610000072DC4A5D008352C0F872708C86B41240,Breton Hill,Bed & Breakfast,4.676294512,-74.04689724,d2g6e5
748,0101000020E6100000A8C44D577B8352C0101F62896DBE1240,Hotel Cosmos 100,Hotel,4.685964724,-74.05440314,d2g6dv
749,0101000020E61000002AA8282AF08252C051675798F9B21240,Hotel Casa Real,Hotel,4.674780255,-74.04590849,d2g6e5
750,0101000020E6100000AFACBEB4A38352C07820E7C8DE9D1240,Lugano Imperial Suites Bogota,Hotel,4.654170169,-74.05686682,d2g66z
751,0101000020E610000035D98F010A8452C0570D1C5B46911240,Hotel Abitare 56,Hotel,4.641869949,-74.06311072,d2g66t
752,0101000020E6100000FF40E6C46D8252C0854D6FD34BC31240,Tren de la Sabana - Estación Usaquen,Train Station,4.69071894,-74.03794978,d2g6ej
753,0101000020E61000000100004B878452C01B47739ACC731240,Hotel Crowne Plaza Tequendama,Hotel,4.613085187,-74.07075763,d2g64r
754,0101000020E6100000B56CAD2F128852C0210725CCB4BD1240,Localiza Rent a Car,Rental Car Location,4.68526,-74.12611,d2g69h
755,0101000020E6100000459FD033698352C001A0A23A7EB71240,Viaggio Nueve Trez,Hotel,4.679192463,-74.05329605,d2g6dg
756,0101000020E6100000E5F5B3F9868452C06A69F6FB8C671240,Hotel Continental,Hotel,4.60112375,-74.07073824,d2g64m
757,0101000020E6100000CE39E554788352C02B3BAB3FAB9D1240,Hotel Rosales Plaza,Hotel,4.653973574,-74.05421946,d2g66z
758,0101000020E6100000747E7AAE658352C0A863FB122A9D1240,bs suites,Bed & Breakfast,4.653480813,-74.05308115,d2g66z
759,0101000020E61000006D4C09753A8352C0AE114CA863B61240,BH Hotel,Hotel,4.678114538,-74.05044294,d2g6dg
760,0101000020E61000008CBDAC62B28952C04FA7DA705FD01240,CATAM - Comando Aéreo de Transporte Militar,Airport,4.703489078,-74.15151278,d2g6b8
761,0101000020E61000001B8884B0C78452C0DE54D8B8A7901240,Hotel El Campín,Hotel,4.641264809,-74.07468808,d2g66k
762,0101000020E6100000332A4946D08252C0F1C6F898AFB81240,Hotel Suites Real 97,Hotel,4.680357351,-74.04396207,d2g6eh
763,0101000020E6100000749FE907548552C0201166B4806D1240,Estación de La Sabana,Train Station,4.606936282,-74.08325384,d2g64n
764,0101000020E610000080638B03278552C0448BB2A31A9C1240,Hotel Parque 63,Hotel,4.652445371,-74.08050622,d2g66q
765,0101000020E61000003652E543BF8452C0B1A8D7457F7F1240,Hotel Eco Boutique,Hotel,4.624508945,-74.0741739,d2g663
766,0101000020E61000005617983DD38352C01ED2F51EA49A1240,Hotel Vilar América,Hotel,4.651016697,-74.0597681,d2g66w
767,0101000020E6100000334133D7418352C0D4A84C8F40D51240,Hotel Calleja Suites by Stanzia,Hotel,4.708254088,-74.05089359,d2g6fc
768,0101000020E6100000D6EB3522E58552C0A606FA41B1C31240,Hotel & Spa Titan,Hotel,4.691105872,-74.09211021,d2g69v
769,0101000020E610000000008051388952C083EFD61671CA1240,Sala VIP Avianca,Airport Lounge,4.697697026,-74.1440624,d2g68z
770,0101000020E610000055EC56E6C68552C007ABC045C0881240,Estelar Apartamentos Aeropuerto,Hotel,4.633545961,-74.09026488,d2g665
771,0101000020E6100000CF31207BBD8352C07A1C06F357981240,La Pinta,Hostel,4.648773,-74.05844,d2g66y
772,0101000020E6100000C4013D4FF18652C01C41EFA1D4AB1240,hotel airport travel,Bed & Breakfast,4.667803316,-74.10847836,d2g699
773,0101000020E61000007801E187C28852C04CB3F7AC08C61240,Terminal de Carga Aéreo,Airport Terminal,4.69339247,-74.13687322,d2g68y
774,0101000020E6100000FFFFFF52998852C0C6FBDAC603C61240,Terminal Puente Aéreo,Airport Terminal,4.693373782,-74.13435817,d2g69n
775,0101000020E6100000F4311F10E88852C005E09F5225CA1240,Copa Club,Airport Lounge,4.697408,-74.139164,d2g68z
776,0101000020E6100000D061A402A88452C0F560E6DB526B1240,Hotel Ámbar,Hotel,4.604808269,-74.07275454,d2g64q
777,0101000020E61000001C3F59868C8952C0F4BFA6FA8FD11240,Despacho CATAM,Airport Lounge,4.704650799,-74.14920195,d2g6b8
778,0101000020E61000000329BF16FD8852C000DDD77C71CA1240,Migración Colombia,Border Crossing,4.697698546,-74.14044732,d2g68z
779,0101000020E6100000FB2CE081FE8452C04477171E20D71240,Paradero SITP Juan N. Corpas,Bus Stop,4.710083456,-74.07803389,d2g6f3
780,0101000020E6100000B66BD2BAE48852C0FF013A19ABC51240,Nuevo Terminal De Carga,Airport Terminal,4.693035502,-74.13896056,d2g68y
781,0101000020E6100000D5A96BD3C98352C02CE687A829B31240,Transmilenio virrey,Bus Station,4.674963601,-74.05919347,d2g6de
782,0101000020E610000019E25817B78252C007D15AD1E6B81240,Hotel 100 Luxury Suites Blue Doors,Hotel,4.680568,-74.042425,d2g6eh
783,0101000020E6100000FE070BE20C8452C08CCD6E8B618C1240,Nuevo Paradero Poli,Bus Stop,4.637090853,-74.06328631,d2g66s
784,0101000020E61000003ABFB9B6A38852C03BF0635C97C71240,Avianca Engineering & Maintenance facilities,Airport,4.694913334,-74.1349923,d2g69n
785,0101000020E61000005D6F7AA7C68352C0FC6896BB03AA1240,Hotel El Lago Inn,Bed & Breakfast,4.666029864,-74.05899989,d2g6d9
786,0101000020E6100000D34E869BC78552C0606097E82D841240,Hilton,Hotel,4.629081377,-74.09030808,d2g664
787,0101000020E6100000DD503F81888252C07A45271382C61240,Hotel Bosque Alto,Hotel,4.693855571,-74.0395816,d2g6en
788,0101000020E6100000B845951F638752C08CB821AE1E9E1240,Terminal de Transporte de Bogotá,Bus Station,4.654413911,-74.11542501,d2g63r
789,0101000020E6100000532BC3A8488552C07CBBED4FD9811240,Hotel American Luxor,Hotel,4.626805543,-74.08255977,d2g664
790,0101000020E6100000C1470E73A78352C0D966E03736A01240,Ciclovía,Bike Rental / Bike Share,4.656456826,-74.0570953,d2g66z
791,0101000020E6100000FEC48D15008452C02E964592A0951240,Ciclovia,Bike Rental / Bike Share,4.646120344,-74.06250514,d2g66t
792,0101000020E61000009148DBF8138552C01C06F357C8AC1240,Grand Hyatt Bogotá,Hotel,4.668733,-74.079344,d2g6d3
793,0101000020E610000031798206708452C030D7FDB3C0631240,Chorro de Quevedo B&B Bogota,Bed & Breakfast,4.597414791,-74.06933749,d2g64s
794,0101000020E6100000D1B74720238852C0CFBC1A5D27C21240,Aerosupport FBO,Airport Lounge,4.689603286,-74.12714393,d2g69j
795,0101000020E6100000280AF4893C8952C0A730009EFECD1240,Bogota Colombia,Airport Terminal,4.7011666,-74.14432,d2g68z
796,0101000020E61000003B83C0B1518B52C069728DE88E631240,Terminal Satélite del Sur,Bus Station,4.59722484,-74.17686123,d2g60h
797,0101000020E6100000B06CBBFFA88952C04BEE0C8555D41240,Helicol-Pas,Airport Lounge,4.707357482,-74.15093988,d2g6b8
798,0101000020E610000086FF7403058352C0D1AFAD9FFEC31240,Plaza Suites Hotel,Hotel,4.691401,-74.047181,d2g6en
799,0101000020E6100000D9B0A6B2288452C0454B1E4FCB9F1240,Hotel Master 68,Hotel,4.656049,-74.064984,d2g66x
800,0101000020E61000005F54F67AF38852C073AA45FA73C71240,aterrice,Airport Lounge,4.694778357,-74.13986086,d2g68y
801,0101000020E6100000E4E4F697BE8352C0748B46875F981240,Hostal LaPinta,Hostel,4.648801912,-74.05850791,d2g66y
802,0101000020E610000047F5894DF68252C06512015936B61240,Lloyds Aparthotel,Hotel,4.677941695,-74.04628314,d2g6e5
803,0101000020E610000039D51DDAF88152C064BE68DFF3CB1240,Petrareps Mayorista De Turismo Internacional,Tourist Information Center,4.699172488,-74.03081372,d2g6er
804,0101000020E610000003000013C18252C0F89C447382D11240,Hotel Fontana Plaza - Travelers Apartamentos y Suites,Hotel,4.704599191,-74.04303432,d2g6g0
805,0101000020E6100000E2DE4442D88552C09CA681E07B881240,Hotel Corferias inn,Hotel,4.633285053,-74.09132439,d2g665
806,0101000020E6100000F5108DEE208452C0217711A628071340,Hertz,Rental Car Location,4.756991,-74.06451,d2g749
807,0101000020E6100000F4945E11B38252C04C293D01F2141340,Terminal Satélite Del Norte,Bus Station,4.770454425,-74.04217943,d2g75h
808,0101000020E6100000B9D4C7809A8452C04F11E38EB1721240,Hotel Ms Oceania,Hotel,4.612005456,-74.07193012,d2g64r
809,0101000020E6100000928DACA1798352C0C3CEFB9C0EB61240,Hotel Casablanca,Hotel,4.67779012,-74.0542988,d2g6dg
810,0101000020E6100000C6C2766ECD8452C0D829FBD04F671240,TransMilenio: Avenida Jiménez,Bus Station,4.600890413,-74.07503854,d2g64m
811,0101000020E610000056EB9FC1568552C0938925A926861240,TransMilenio: Ciudad Universitaria,Bus Stop,4.631006854,-74.08342019,d2g665
812,0101000020E6100000FFFFFF0F4B8352C0283995CAB2BE1240,Lobby Principal Bogotá Plaza Summit Hotel,Bed & Breakfast,4.68622891,-74.05145645,d2g6dv
813,0101000020E6100000CDD9F115938352C0A0BE0A95249C1240,Embassy Suites by Hilton Bogotá Rosales,Hotel,4.6524833,-74.0558524,d2g66y
814,0101000020E6100000BAB9A2FABE8552C0EFDE286702731240,Estación Transmilenio Ricuarte,Bus Station,4.612313854,-74.08978144,d2g64p
815,0101000020E61000005A819E7C3F8952C0ACE2C056C3CA1240,Terminal 1 - Vuelos Nacionales,Airport Terminal,4.698010784,-74.14449993,d2g68z
816,0101000020E61000001F9E25C8088652C08ECA4DD4D2FC1240,TransMilenio: Portal de Suba,Bus Station,4.746898,-74.094286,d2g71b
817,0101000020E6100000B777F532128252C0B97D8F57CFE61240,Tren de la Sabana . Estacion Av.9/ 147,Platform,4.725400322,-74.03236078,d2g6gk
818,0101000020E61000009F0A453E648352C0E53D0FB51AA81240,Hotel 80 10,Hotel,4.66416438,-74.05299336,d2g6dc
819,0101000020E610000056B4585B218452C08A03DAD4FBA41240,Localiza,Rental Car Location,4.661116911,-74.06453594,d2g6d8
820,0101000020E61000008A3554387C8452C06BF4296B4F611240,Destino Nómada,Hostel,4.59502952,-74.07008179,d2g64k
821,0101000020E610000064BD57A8AF8852C0BBDB9C5C26A91240,SITP Hayuelos,Bus Stop,4.665185401,-74.13572129,d2g691
822,0101000020E610000091BB14F5928352C06A64A66CBCBA1240,Belle Epoque Suites Boutique 94,Hostel,4.682359407,-74.05584456,d2g6du
823,0101000020E61000007C90DC30FE8852C081FEFD49C3C91240,Estación SITP Aeropuerto Internacional El Dorado,Bus Stop,4.697034031,-74.14051458,d2g68z
824,0101000020E6100000B2A36655DD8552C03B56B3934A881240,Hotel Santiago Plaza,Hotel,4.633096989,-74.09163413,d2g665
825,0101000020E6100000C76125F4418752C08FFCBDAA5F071240,Flota La Macarena Yomasa,Bus Station,4.507200878,-74.11340049,d2g39s
826,0101000020E6100000AEC1BC326A8452C0E91C784EB6631240,Hotel Guadalupe,Hotel,4.597375132,-74.06898182,d2g64s
827,0101000020E6100000065D9FF78F8352C0B637551132AB1240,Hotel Saint Simon,Hotel,4.667183181,-74.05566207,d2g6dc
